MONTHS_WORKED;HOURS_PER_WEEK;URBAN_RURAL;SEX;OCCUPATION;AGE_RANGE;SALARY_RANK
12;35;2;M;arriero;ADULTEZ;1
12;32;1;F;arriero;ADOLESCENCIA;1
12;60;1;M;arriero;INFANCIA;1
12;50;1;M;arriero;ADULTEZ;1
12;48;1;F;arriero;PRIMERA INFANCIA;1
12;54;1;F;arriero;VEJEZ;1
8;54;1;F;arriero;ADULTEZ;1
12;40;1;M;arriero;ADULTEZ;1
12;40;1;M;arriero;ADULTEZ;1
12;50;1;F;arriero;ADULTEZ;1
12;50;1;M;arriero;ADULTEZ;1
12;40;1;F;arriero;ADULTEZ;1
12;42;1;F;arriero;ADULTEZ;1
12;28;1;M;arriero;VEJEZ;1
12;15;1;M;arriero;ADULTEZ;1
12;48;1;F;arriero;ADULTEZ;1
12;42;1;F;arriero;ADULTEZ;1
12;20;1;F;arriero;ADULTEZ;1
12;50;1;F;arriero;VEJEZ;1
12;70;1;F;arriero;INFANCIA;2
12;72;1;F;arriero;ADOLESCENCIA;2
12;50;1;F;arriero;JUVENTUD;2
12;48;1;M;arriero;ADULTEZ;1
12;40;1;M;arriero;ADULTEZ;1
12;48;1;M;arriero;ADULTEZ;1
12;15;1;F;arriero;VEJEZ;1
12;28;1;F;arriero;ADULTEZ;1
12;40;1;M;arriero;ADOLESCENCIA;1
12;48;2;F;arriero;ADULTEZ;2
12;48;2;F;arriero;JUVENTUD;2
12;50;2;F;arriero;ADULTEZ;1
8;30;2;F;arriero;ADULTEZ;1
12;50;2;F;arriero;JUVENTUD;1
9;48;2;M;arriero;ADULTEZ;1
12;48;1;F;arriero;ADULTEZ;2
12;48;2;F;arriero;JUVENTUD;2
12;40;1;F;arriero;ADOLESCENCIA;1
12;40;1;M;arriero;INFANCIA;1
12;48;1;F;arriero;ADOLESCENCIA;2
12;56;1;M;arriero;ADULTEZ;2
12;54;1;M;arriero;JUVENTUD;2
12;70;1;F;arriero;INFANCIA;1
10;50;1;F;arriero;VEJEZ;1
12;30;1;F;arriero;ADULTEZ;1
12;34;1;F;arriero;ADULTEZ;1
12;32;1;M;arriero;INFANCIA;1
12;70;1;M;arriero;ADULTEZ;1
12;60;2;F;arriero;JUVENTUD;1
12;40;2;F;arriero;PRIMERA INFANCIA;1
12;48;1;F;arriero;VEJEZ;1
12;42;1;M;arriero;VEJEZ;2
12;14;1;M;arriero;VEJEZ;1
12;21;1;F;arriero;VEJEZ;1
12;55;2;F;arriero;ADULTEZ;1
12;55;2;F;arriero;VEJEZ;2
12;40;1;F;arriero;ADULTEZ;1
12;16;1;F;arriero;ADULTEZ;1
12;36;1;M;arriero;INFANCIA;1
12;48;1;M;arriero;ADULTEZ;1
12;40;1;F;arriero;ADOLESCENCIA;1
12;48;1;M;arriero;JUVENTUD;1
12;48;1;F;arriero;JUVENTUD;2
12;70;1;M;arriero;ADULTEZ;2
12;50;1;F;arriero;ADULTEZ;1
12;50;1;M;arriero;ADULTEZ;1
12;48;1;M;arriero;ADULTEZ;2
12;48;1;M;arriero;JUVENTUD;1
12;48;1;M;arriero;ADULTEZ;1
12;49;1;F;arriero;ADULTEZ;1
10;28;1;F;arriero;ADULTEZ;1
12;48;1;M;arriero;INFANCIA;1
12;48;1;F;arriero;ADULTEZ;1
12;42;1;F;arriero;ADULTEZ;1
12;20;1;M;arriero;JUVENTUD;1
12;48;1;F;arriero;ADULTEZ;2
12;40;1;F;arriero;ADULTEZ;1
12;49;1;M;arriero;JUVENTUD;2
12;49;1;F;arriero;VEJEZ;2
12;50;1;F;arriero;ADOLESCENCIA;2
5;24;1;F;arriero;VEJEZ;1
12;56;1;F;arriero;VEJEZ;2
12;54;1;M;arriero;ADULTEZ;2
12;24;1;F;arriero;ADULTEZ;1
12;24;1;M;arriero;ADULTEZ;1
12;44;1;M;arriero;PRIMERA INFANCIA;2
12;48;1;F;arriero;JUVENTUD;1
12;40;1;F;arriero;VEJEZ;1
11;24;1;F;arriero;ADULTEZ;1
12;50;1;M;arriero;ADOLESCENCIA;1
7;50;1;F;arriero;VEJEZ;1
12;48;1;F;arriero;ADULTEZ;1
12;48;1;F;arriero;ADOLESCENCIA;1
12;70;1;F;arriero;ADULTEZ;2
12;48;1;F;arriero;JUVENTUD;2
12;48;1;M;arriero;VEJEZ;2
12;48;1;M;arriero;ADOLESCENCIA;1
12;48;1;M;arriero;ADULTEZ;1
12;40;1;F;arriero;ADULTEZ;1
12;48;1;M;arriero;ADOLESCENCIA;1
12;40;1;M;arriero;ADOLESCENCIA;1
12;44;1;F;arriero;ADULTEZ;1
7;56;1;M;arriero;PRIMERA INFANCIA;1
12;40;1;M;arriero;JUVENTUD;1
12;56;1;M;arriero;ADULTEZ;2
12;40;1;F;arriero;INFANCIA;2
12;48;1;F;arriero;VEJEZ;2
12;50;1;F;arriero;ADULTEZ;2
12;45;1;M;arriero;ADULTEZ;2
12;60;1;M;arriero;INFANCIA;2
12;55;1;F;arriero;ADULTEZ;2
12;50;1;M;arriero;JUVENTUD;2
1;24;1;M;arriero;ADOLESCENCIA;2
12;24;1;F;arriero;ADULTEZ;1
12;40;1;F;arriero;ADULTEZ;1
12;40;1;F;arriero;INFANCIA;1
12;50;1;F;arriero;INFANCIA;1
8;48;2;F;arriero;ADULTEZ;1
12;54;1;M;arriero;JUVENTUD;1
8;20;2;F;cocinero;ADOLESCENCIA;1
12;30;2;M;cocinero;ADULTEZ;1
12;10;1;F;cocinero;ADULTEZ;1
2;60;1;F;cocinero;VEJEZ;2
12;48;1;M;cocinero;PRIMERA INFANCIA;1
4;40;1;F;cocinero;ADULTEZ;1
12;40;1;F;cocinero;INFANCIA;1
12;56;1;F;cocinero;VEJEZ;1
12;32;1;F;cocinero;VEJEZ;1
11;48;1;M;cocinero;ADOLESCENCIA;2
12;60;1;M;cocinero;ADULTEZ;1
12;15;1;M;cocinero;INFANCIA;1
12;48;1;F;cocinero;ADULTEZ;1
12;46;1;F;cocinero;ADOLESCENCIA;1
12;56;1;M;cocinero;ADULTEZ;2
10;77;1;M;cocinero;VEJEZ;1
12;60;1;F;cocinero;ADULTEZ;1
11;28;1;F;cocinero;VEJEZ;1
12;60;1;F;cocinero;INFANCIA;1
8;50;1;F;cocinero;ADULTEZ;1
12;48;1;M;cocinero;ADOLESCENCIA;1
12;72;1;M;cocinero;ADULTEZ;2
11;54;1;M;cocinero;JUVENTUD;1
12;30;1;F;cocinero;ADULTEZ;1
12;48;1;M;cocinero;ADULTEZ;1
12;48;1;M;cocinero;ADULTEZ;1
12;24;1;M;cocinero;ADULTEZ;1
12;72;1;F;cocinero;JUVENTUD;1
12;48;1;F;cocinero;ADULTEZ;1
12;48;1;M;cocinero;JUVENTUD;1
12;48;1;M;cocinero;ADULTEZ;1
12;56;1;M;cocinero;ADULTEZ;1
6;9;1;F;cocinero;VEJEZ;1
12;30;1;M;cocinero;JUVENTUD;1
12;30;1;F;cocinero;ADULTEZ;1
12;10;1;F;cocinero;VEJEZ;1
1;60;1;M;cocinero;JUVENTUD;1
9;50;1;M;cocinero;ADULTEZ;1
12;48;1;F;cocinero;JUVENTUD;2
12;60;1;F;cocinero;ADULTEZ;2
12;98;1;F;cocinero;ADOLESCENCIA;1
12;50;1;F;cocinero;JUVENTUD;1
2;36;1;M;cocinero;ADOLESCENCIA;1
12;48;1;M;cocinero;JUVENTUD;2
12;66;1;M;cocinero;ADULTEZ;2
12;48;1;M;cocinero;ADOLESCENCIA;2
12;48;1;M;cocinero;ADOLESCENCIA;2
12;48;1;F;cocinero;VEJEZ;2
12;25;1;M;cocinero;VEJEZ;1
12;20;1;M;cocinero;ADULTEZ;1
12;45;1;M;cocinero;ADULTEZ;1
12;48;1;F;cocinero;ADULTEZ;1
8;16;1;M;cocinero;JUVENTUD;1
12;48;1;F;cocinero;ADULTEZ;1
12;24;1;F;cocinero;ADULTEZ;1
12;21;1;M;cocinero;ADULTEZ;1
5;84;1;F;cocinero;ADULTEZ;1
12;48;1;F;cocinero;ADULTEZ;1
4;50;1;F;cocinero;VEJEZ;1
12;48;1;M;cocinero;INFANCIA;1
12;40;1;F;cocinero;VEJEZ;1
12;105;1;F;cocinero;ADULTEZ;2
12;54;1;F;cocinero;ADULTEZ;1
12;48;1;M;cocinero;ADULTEZ;2
3;42;1;F;cocinero;ADULTEZ;1
12;60;1;F;cocinero;ADULTEZ;1
12;60;1;M;cocinero;ADOLESCENCIA;1
12;48;1;M;cocinero;ADULTEZ;2
1;30;1;M;cocinero;VEJEZ;1
12;40;1;M;cocinero;VEJEZ;1
12;40;1;F;cocinero;VEJEZ;1
12;24;2;F;cocinero;INFANCIA;1
3;48;1;F;cocinero;VEJEZ;1
8;8;2;M;cocinero;ADULTEZ;1
8;48;2;F;cocinero;INFANCIA;1
12;30;2;M;cocinero;ADULTEZ;1
12;36;1;F;cocinero;VEJEZ;1
12;48;1;F;cocinero;JUVENTUD;1
12;60;1;M;cocinero;VEJEZ;2
12;48;1;F;cocinero;VEJEZ;1
3;48;1;M;cocinero;ADULTEZ;2
12;60;1;F;cocinero;INFANCIA;1
12;48;1;F;cocinero;ADULTEZ;2
12;48;1;M;cocinero;JUVENTUD;2
12;56;1;F;cocinero;VEJEZ;2
12;20;1;F;cocinero;ADULTEZ;1
12;30;1;M;cocinero;ADULTEZ;1
3;70;1;F;cocinero;ADOLESCENCIA;1
12;48;1;F;cocinero;ADULTEZ;1
1;54;1;F;cocinero;ADOLESCENCIA;1
12;60;1;M;cocinero;INFANCIA;2
12;54;1;M;cocinero;PRIMERA INFANCIA;1
12;40;1;F;cocinero;ADOLESCENCIA;1
4;24;1;M;cocinero;ADULTEZ;1
12;54;1;M;cocinero;JUVENTUD;2
12;48;1;F;cocinero;ADOLESCENCIA;1
12;45;1;M;cocinero;ADULTEZ;1
12;40;1;M;cocinero;ADOLESCENCIA;2
4;50;1;M;cocinero;JUVENTUD;1
2;25;1;M;cocinero;ADULTEZ;1
2;8;1;M;cocinero;VEJEZ;1
12;45;1;M;cocinero;ADULTEZ;1
10;20;1;M;cocinero;ADULTEZ;1
1;48;1;F;cocinero;VEJEZ;1
12;60;1;M;cocinero;VEJEZ;1
8;48;1;M;cocinero;ADOLESCENCIA;1
12;24;1;F;cocinero;ADULTEZ;1
12;8;1;M;cocinero;JUVENTUD;1
1;50;1;F;cocinero;INFANCIA;1
8;60;1;F;cocinero;ADULTEZ;2
12;48;1;M;cocinero;ADULTEZ;1
12;48;1;F;cocinero;JUVENTUD;1
12;14;1;F;cocinero;PRIMERA INFANCIA;1
3;16;1;M;cocinero;ADULTEZ;1
12;48;1;F;cocinero;JUVENTUD;1
12;20;1;F;cocinero;ADULTEZ;1
12;24;1;M;cocinero;INFANCIA;1
8;54;1;F;cocinero;ADULTEZ;1
12;19;1;M;cocinero;JUVENTUD;1
12;48;1;F;cocinero;ADULTEZ;1
12;48;1;M;cocinero;VEJEZ;1
12;12;1;M;cocinero;ADULTEZ;1
12;40;1;F;cocinero;ADOLESCENCIA;1
12;48;1;M;cocinero;ADOLESCENCIA;2
12;24;1;F;cocinero;ADULTEZ;1
12;60;1;F;cocinero;ADOLESCENCIA;1
12;54;1;M;cocinero;ADOLESCENCIA;2
12;70;1;F;cocinero;INFANCIA;1
12;35;1;M;cocinero;JUVENTUD;1
12;60;1;M;cocinero;ADULTEZ;2
12;48;1;F;cocinero;VEJEZ;2
12;48;1;M;cocinero;ADULTEZ;1
12;48;1;M;cocinero;INFANCIA;2
12;40;1;F;cocinero;ADULTEZ;1
12;42;1;M;cocinero;ADULTEZ;1
5;50;1;M;cocinero;VEJEZ;1
12;48;1;F;cocinero;ADULTEZ;1
12;40;1;F;cocinero;JUVENTUD;1
12;20;1;M;cocinero;ADULTEZ;1
12;48;1;M;cocinero;ADULTEZ;2
11;48;1;M;cocinero;ADULTEZ;2
12;48;1;M;cocinero;VEJEZ;2
12;48;1;M;cocinero;INFANCIA;1
12;48;1;F;cocinero;INFANCIA;1
12;60;1;M;cocinero;INFANCIA;2
12;15;1;M;cocinero;ADOLESCENCIA;1
12;48;1;F;cocinero;INFANCIA;1
12;48;1;F;cocinero;VEJEZ;1
12;16;1;F;cocinero;ADOLESCENCIA;1
12;36;1;F;cocinero;VEJEZ;2
12;20;1;M;cocinero;VEJEZ;1
12;40;1;M;cocinero;ADULTEZ;1
12;40;1;M;cocinero;ADULTEZ;1
8;38;1;M;cocinero;VEJEZ;1
12;36;1;F;cocinero;JUVENTUD;1
12;40;1;M;cocinero;VEJEZ;1
1;12;1;F;cocinero;ADULTEZ;1
12;40;1;M;cocinero;VEJEZ;1
12;60;1;M;cocinero;ADULTEZ;1
5;48;1;M;cocinero;ADOLESCENCIA;1
12;30;1;F;cocinero;VEJEZ;1
6;12;1;M;cocinero;ADULTEZ;1
12;50;1;F;cocinero;ADOLESCENCIA;2
12;72;1;M;cocinero;VEJEZ;1
12;60;1;M;cocinero;ADULTEZ;2
12;24;1;F;cocinero;ADULTEZ;1
11;40;1;F;cocinero;VEJEZ;1
12;48;1;M;cocinero;ADOLESCENCIA;2
12;70;1;M;cocinero;INFANCIA;1
12;24;1;M;cocinero;VEJEZ;1
12;48;1;F;cocinero;ADULTEZ;1
12;40;1;M;cocinero;ADULTEZ;1
12;70;1;M;cocinero;ADULTEZ;1
8;40;1;F;cocinero;VEJEZ;1
12;56;1;F;cocinero;ADULTEZ;1
12;66;1;F;cocinero;JUVENTUD;2
12;55;1;F;cocinero;ADULTEZ;1
12;54;1;M;cocinero;ADULTEZ;2
10;70;1;F;cocinero;ADULTEZ;2
12;56;1;M;cocinero;ADULTEZ;2
12;42;1;F;cocinero;ADULTEZ;1
12;30;1;M;cocinero;INFANCIA;1
12;48;1;F;cocinero;ADULTEZ;2
12;48;1;F;cocinero;ADOLESCENCIA;1
12;20;2;F;cocinero;ADOLESCENCIA;1
10;48;1;M;cocinero;ADULTEZ;1
12;20;1;F;cocinero;ADOLESCENCIA;1
12;48;1;M;cocinero;ADULTEZ;2
12;40;1;M;cocinero;VEJEZ;1
8;30;1;F;cocinero;VEJEZ;1
12;70;1;M;cocinero;JUVENTUD;1
12;25;1;F;cocinero;JUVENTUD;1
12;48;1;F;cocinero;ADULTEZ;1
12;48;1;F;cocinero;VEJEZ;2
12;48;1;M;cocinero;VEJEZ;1
12;48;1;F;cocinero;VEJEZ;2
12;30;1;M;cocinero;ADOLESCENCIA;1
11;48;1;F;cocinero;ADOLESCENCIA;2
12;60;1;F;cocinero;ADULTEZ;3
12;36;1;M;cocinero;ADOLESCENCIA;3
12;48;1;F;cocinero;JUVENTUD;2
5;10;1;M;cocinero;VEJEZ;1
2;40;1;F;cocinero;ADULTEZ;1
12;24;1;M;cocinero;VEJEZ;2
10;20;1;F;cocinero;ADULTEZ;1
7;40;1;F;cocinero;VEJEZ;1
4;48;1;M;cocinero;INFANCIA;1
12;40;1;M;cocinero;ADULTEZ;2
12;40;1;F;cocinero;ADULTEZ;1
12;70;1;F;cocinero;ADULTEZ;4
12;40;1;F;cocinero;ADULTEZ;1
12;50;1;M;cocinero;VEJEZ;1
5;48;1;F;cocinero;JUVENTUD;1
10;24;1;F;cocinero;VEJEZ;1
12;70;1;M;cocinero;VEJEZ;1
12;70;1;M;cocinero;ADULTEZ;1
12;42;1;F;cocinero;ADULTEZ;1
12;78;1;M;cocinero;ADULTEZ;1
1;12;1;M;cocinero;VEJEZ;1
12;48;1;F;cocinero;ADULTEZ;1
12;48;1;F;cocinero;VEJEZ;2
12;55;1;M;cocinero;ADOLESCENCIA;2
4;50;1;F;cocinero;INFANCIA;2
8;48;1;F;cocinero;ADOLESCENCIA;2
12;40;1;M;cocinero;ADULTEZ;1
12;40;1;F;cocinero;ADULTEZ;2
4;28;1;F;cocinero;ADOLESCENCIA;1
6;42;1;M;cocinero;ADOLESCENCIA;1
12;7;1;F;cocinero;ADULTEZ;1
12;50;1;F;cocinero;ADULTEZ;2
12;48;1;F;cocinero;ADULTEZ;1
12;48;1;M;cocinero;VEJEZ;1
12;40;1;M;cocinero;ADULTEZ;1
12;30;1;F;cocinero;JUVENTUD;1
3;21;1;M;cocinero;ADULTEZ;1
12;36;1;F;cocinero;INFANCIA;1
12;50;1;M;cocinero;ADULTEZ;1
12;48;1;F;cocinero;ADULTEZ;3
12;60;1;F;cocinero;VEJEZ;2
3;60;1;F;cocinero;ADULTEZ;2
12;48;1;M;cocinero;INFANCIA;1
12;48;1;F;cocinero;ADULTEZ;1
12;40;1;M;cocinero;VEJEZ;1
1;25;1;F;cocinero;ADOLESCENCIA;2
12;24;1;M;cocinero;ADULTEZ;1
12;30;1;M;cocinero;ADULTEZ;1
12;48;1;F;cocinero;ADULTEZ;2
8;72;1;F;cocinero;ADOLESCENCIA;1
12;35;1;M;cocinero;ADULTEZ;1
12;48;1;F;cocinero;ADULTEZ;2
12;48;1;F;cocinero;ADOLESCENCIA;2
12;48;1;F;cocinero;VEJEZ;1
12;48;1;F;cocinero;VEJEZ;1
12;48;1;M;cocinero;VEJEZ;1
12;48;1;M;cocinero;VEJEZ;2
6;70;1;M;cocinero;ADULTEZ;1
12;44;1;F;cocinero;VEJEZ;1
12;24;1;F;cocinero;ADULTEZ;1
6;40;1;M;cocinero;ADULTEZ;1
12;42;1;M;cocinero;INFANCIA;1
3;32;1;M;cocinero;ADULTEZ;1
12;24;1;M;cocinero;ADULTEZ;1
12;40;1;M;cocinero;ADOLESCENCIA;1
5;48;1;F;cocinero;ADOLESCENCIA;1
12;40;1;F;cocinero;INFANCIA;1
12;45;2;M;cocinero;ADULTEZ;1
7;40;2;M;cocinero;VEJEZ;1
2;8;1;M;cocinero;ADOLESCENCIA;1
12;36;1;M;cocinero;ADOLESCENCIA;1
12;36;1;F;cocinero;INFANCIA;1
12;42;1;M;cocinero;ADULTEZ;1
12;28;2;M;cocinero;VEJEZ;1
8;42;2;M;cocinero;JUVENTUD;1
7;45;2;M;cocinero;ADULTEZ;1
12;35;1;M;cocinero;VEJEZ;1
4;16;1;F;cocinero;ADOLESCENCIA;1
12;70;1;F;cocinero;JUVENTUD;2
12;18;1;F;cocinero;ADULTEZ;1
12;84;2;M;cocinero;ADULTEZ;2
12;45;1;F;cocinero;ADULTEZ;1
12;48;1;M;cocinero;ADULTEZ;1
11;56;2;M;cocinero;ADULTEZ;1
12;60;1;M;cocinero;ADULTEZ;2
12;48;2;M;cocinero;ADULTEZ;1
12;12;1;F;cocinero;JUVENTUD;1
12;45;1;F;cocinero;ADULTEZ;1
10;50;1;F;cocinero;INFANCIA;1
12;48;1;F;cocinero;ADULTEZ;2
12;6;1;M;cocinero;ADULTEZ;1
12;42;1;M;cocinero;ADULTEZ;1
12;24;1;F;cocinero;VEJEZ;1
12;70;1;M;cocinero;ADULTEZ;1
12;48;1;F;cocinero;JUVENTUD;1
12;30;1;F;cocinero;ADOLESCENCIA;1
12;28;1;M;cocinero;VEJEZ;1
12;40;1;F;cocinero;INFANCIA;1
12;20;1;M;cocinero;ADULTEZ;1
12;56;1;M;cocinero;JUVENTUD;1
4;54;1;F;cocinero;ADULTEZ;1
1;30;1;F;cocinero;ADULTEZ;1
12;40;1;M;cocinero;ADOLESCENCIA;1
12;48;1;F;cocinero;VEJEZ;2
12;48;1;F;cocinero;JUVENTUD;2
12;48;1;F;cocinero;ADULTEZ;2
12;40;1;M;cocinero;ADULTEZ;1
1;30;1;M;cocinero;JUVENTUD;1
12;40;1;M;cocinero;INFANCIA;1
12;60;1;F;cocinero;ADULTEZ;1
12;15;1;M;cocinero;VEJEZ;1
12;30;1;M;cocinero;ADULTEZ;1
12;48;1;F;cocinero;INFANCIA;2
12;50;1;F;cocinero;ADULTEZ;1
12;60;1;F;cocinero;ADULTEZ;1
12;70;1;M;cocinero;ADULTEZ;1
12;48;1;F;cocinero;ADULTEZ;1
12;48;1;F;cocinero;ADULTEZ;3
12;60;1;F;cocinero;ADULTEZ;1
4;60;1;F;cocinero;ADOLESCENCIA;1
12;28;1;F;cocinero;VEJEZ;1
12;70;1;M;cocinero;INFANCIA;2
12;48;1;F;cocinero;ADULTEZ;1
12;21;1;F;cocinero;ADOLESCENCIA;1
12;16;1;F;cocinero;JUVENTUD;1
12;48;1;F;cocinero;VEJEZ;1
12;48;1;F;cocinero;INFANCIA;1
12;48;1;F;cocinero;ADOLESCENCIA;1
3;48;1;M;cocinero;INFANCIA;1
7;48;1;M;cocinero;ADULTEZ;1
12;30;1;M;cocinero;VEJEZ;1
12;40;1;F;cocinero;VEJEZ;1
12;35;1;F;cocinero;ADULTEZ;1
11;40;1;F;cocinero;ADULTEZ;1
12;8;1;M;cocinero;JUVENTUD;1
12;56;1;F;cocinero;ADULTEZ;1
12;54;1;M;cocinero;JUVENTUD;1
5;60;1;M;cocinero;JUVENTUD;2
10;48;1;M;cocinero;ADULTEZ;1
3;44;1;M;cocinero;JUVENTUD;1
12;15;1;F;cocinero;ADOLESCENCIA;1
12;66;1;F;cocinero;VEJEZ;2
12;50;1;M;cocinero;PRIMERA INFANCIA;2
12;48;1;M;cocinero;ADOLESCENCIA;1
12;4;1;F;cocinero;ADULTEZ;1
12;38;1;M;cocinero;ADULTEZ;1
1;30;1;F;cocinero;ADULTEZ;1
11;48;1;M;cocinero;JUVENTUD;1
12;40;1;F;cocinero;JUVENTUD;1
12;30;1;F;cocinero;ADOLESCENCIA;1
12;60;1;F;cocinero;JUVENTUD;2
10;48;1;F;cocinero;ADULTEZ;1
1;30;1;F;cocinero;ADOLESCENCIA;1
12;30;1;F;cocinero;ADULTEZ;1
12;10;1;F;cocinero;ADULTEZ;1
2;30;1;M;cocinero;ADULTEZ;1
12;24;1;M;cocinero;ADOLESCENCIA;2
12;50;1;F;cocinero;ADULTEZ;1
10;32;1;F;cocinero;JUVENTUD;1
1;30;1;F;cocinero;ADULTEZ;1
12;48;1;M;cocinero;ADULTEZ;1
12;56;1;M;cocinero;JUVENTUD;1
12;20;1;M;cocinero;ADULTEZ;1
12;25;1;M;cocinero;JUVENTUD;1
12;20;1;F;cocinero;VEJEZ;1
12;40;1;M;cocinero;ADULTEZ;1
8;50;1;F;cocinero;VEJEZ;1
12;48;1;M;cocinero;VEJEZ;2
12;48;1;F;cocinero;INFANCIA;1
12;30;1;M;cocinero;ADOLESCENCIA;1
12;40;1;F;cocinero;ADULTEZ;1
6;30;1;F;cocinero;ADOLESCENCIA;1
12;48;1;M;cocinero;JUVENTUD;1
12;20;1;M;cocinero;ADULTEZ;1
12;48;1;F;cocinero;ADULTEZ;2
12;48;1;F;cocinero;VEJEZ;1
12;60;1;M;cocinero;JUVENTUD;1
12;48;1;F;cocinero;VEJEZ;1
12;6;1;F;cocinero;VEJEZ;1
6;18;1;F;cocinero;INFANCIA;1
12;30;1;M;cocinero;ADULTEZ;1
12;40;1;F;cocinero;ADOLESCENCIA;1
12;48;1;F;cocinero;ADULTEZ;1
1;15;1;M;cocinero;ADULTEZ;1
9;48;1;M;cocinero;VEJEZ;1
1;42;1;F;cocinero;JUVENTUD;2
10;72;1;F;cocinero;ADULTEZ;1
12;60;1;F;cocinero;ADULTEZ;2
12;60;1;F;cocinero;ADULTEZ;2
9;18;1;M;cocinero;INFANCIA;1
12;30;1;F;cocinero;VEJEZ;1
11;72;1;F;cocinero;VEJEZ;1
12;24;1;M;cocinero;PRIMERA INFANCIA;1
6;24;1;M;cocinero;INFANCIA;1
12;40;1;F;cocinero;VEJEZ;2
12;10;1;M;cocinero;ADULTEZ;1
8;24;1;M;cocinero;ADULTEZ;1
12;54;1;M;cocinero;INFANCIA;2
12;48;1;F;cocinero;ADULTEZ;2
12;56;1;F;cocinero;ADOLESCENCIA;1
5;30;1;F;cocinero;ADULTEZ;1
12;40;2;F;cocinero;JUVENTUD;1
12;60;2;F;cocinero;ADULTEZ;2
12;48;1;M;cocinero;INFANCIA;2
12;48;2;M;almacenista;ADULTEZ;1
12;48;1;M;almacenista;ADULTEZ;1
12;48;1;F;almacenista;ADULTEZ;2
12;48;1;M;almacenista;ADULTEZ;1
12;70;1;F;almacenista;ADULTEZ;2
12;48;1;M;almacenista;VEJEZ;2
6;48;1;F;almacenista;JUVENTUD;1
12;48;1;F;almacenista;ADULTEZ;2
12;56;1;F;almacenista;ADULTEZ;2
12;48;1;F;almacenista;VEJEZ;2
12;60;1;F;almacenista;JUVENTUD;2
12;48;1;M;almacenista;ADULTEZ;2
12;48;1;F;almacenista;VEJEZ;2
2;48;1;F;almacenista;JUVENTUD;2
12;48;1;M;almacenista;ADULTEZ;2
12;60;1;F;almacenista;VEJEZ;1
10;48;1;F;almacenista;VEJEZ;2
12;60;1;F;almacenista;INFANCIA;1
8;48;1;F;almacenista;ADULTEZ;1
12;48;1;F;almacenista;ADULTEZ;1
12;48;1;M;almacenista;JUVENTUD;1
12;48;1;F;almacenista;JUVENTUD;2
12;40;1;F;almacenista;ADULTEZ;3
11;60;1;F;almacenista;ADULTEZ;1
12;50;1;F;almacenista;VEJEZ;2
12;84;1;F;almacenista;ADULTEZ;3
12;50;1;M;almacenista;JUVENTUD;1
12;48;1;M;almacenista;JUVENTUD;2
12;48;1;F;almacenista;INFANCIA;2
12;48;1;F;almacenista;INFANCIA;1
12;48;1;F;almacenista;VEJEZ;2
12;78;1;F;almacenista;ADOLESCENCIA;1
12;48;1;M;almacenista;INFANCIA;2
12;48;1;M;almacenista;ADOLESCENCIA;2
7;24;1;F;almacenista;INFANCIA;1
12;60;1;F;almacenista;ADULTEZ;1
12;48;1;F;almacenista;JUVENTUD;1
12;60;1;F;almacenista;ADOLESCENCIA;1
12;48;1;M;almacenista;VEJEZ;1
12;48;1;M;almacenista;ADOLESCENCIA;2
12;35;1;F;almacenista;ADULTEZ;2
12;48;1;F;almacenista;JUVENTUD;2
12;48;1;M;almacenista;INFANCIA;2
12;48;1;F;almacenista;ADULTEZ;1
6;60;1;F;almacenista;JUVENTUD;1
10;56;1;M;almacenista;ADULTEZ;1
7;48;1;F;almacenista;ADULTEZ;1
10;56;1;M;almacenista;INFANCIA;1
12;48;1;F;almacenista;VEJEZ;2
12;48;1;F;almacenista;JUVENTUD;1
12;54;1;M;almacenista;ADULTEZ;2
12;48;1;M;almacenista;ADULTEZ;2
12;48;1;F;almacenista;VEJEZ;1
12;40;1;F;almacenista;ADULTEZ;3
12;48;1;F;almacenista;INFANCIA;2
12;48;2;M;almacenista;ADULTEZ;2
12;48;2;M;almacenista;VEJEZ;1
12;48;2;F;almacenista;VEJEZ;1
1;48;2;F;almacenista;ADULTEZ;1
7;72;1;M;almacenista;VEJEZ;1
12;48;2;F;almacenista;ADULTEZ;1
12;48;1;F;almacenista;JUVENTUD;2
12;48;1;F;almacenista;JUVENTUD;2
11;56;1;F;almacenista;VEJEZ;1
12;48;1;F;almacenista;VEJEZ;2
12;20;1;M;almacenista;JUVENTUD;1
12;55;1;F;almacenista;JUVENTUD;2
12;48;1;M;almacenista;VEJEZ;2
12;50;1;F;almacenista;ADULTEZ;2
12;48;1;F;almacenista;VEJEZ;2
12;36;1;F;almacenista;ADULTEZ;3
4;48;1;F;almacenista;VEJEZ;2
12;48;1;F;almacenista;ADOLESCENCIA;2
12;60;1;F;almacenista;ADULTEZ;2
12;48;1;M;almacenista;ADOLESCENCIA;1
12;48;1;F;almacenista;ADULTEZ;2
12;40;1;M;almacenista;ADULTEZ;4
12;50;1;F;almacenista;INFANCIA;2
12;48;1;F;almacenista;ADULTEZ;1
9;48;1;F;almacenista;VEJEZ;1
12;48;1;M;almacenista;ADULTEZ;1
12;48;1;F;almacenista;INFANCIA;1
12;62;1;F;almacenista;JUVENTUD;1
11;48;1;F;almacenista;JUVENTUD;1
12;48;1;F;almacenista;ADULTEZ;2
12;48;1;M;almacenista;ADULTEZ;1
12;48;1;M;almacenista;ADULTEZ;1
12;48;1;F;almacenista;JUVENTUD;2
12;48;1;M;almacenista;ADULTEZ;2
12;48;1;F;almacenista;ADULTEZ;1
12;48;1;F;almacenista;INFANCIA;3
12;48;1;M;almacenista;JUVENTUD;1
12;48;1;F;almacenista;ADOLESCENCIA;1
12;48;1;M;almacenista;VEJEZ;1
12;48;1;M;almacenista;ADULTEZ;1
12;72;1;F;almacenista;ADULTEZ;2
12;48;1;M;almacenista;ADOLESCENCIA;1
12;48;1;M;almacenista;VEJEZ;2
12;48;1;F;almacenista;ADULTEZ;1
12;48;1;F;almacenista;ADULTEZ;2
12;48;1;F;almacenista;ADULTEZ;2
12;48;1;M;almacenista;JUVENTUD;2
12;48;1;M;almacenista;VEJEZ;2
12;48;1;F;almacenista;ADULTEZ;2
12;48;1;F;almacenista;ADULTEZ;1
12;48;1;F;almacenista;VEJEZ;1
12;48;1;F;almacenista;ADULTEZ;2
11;48;1;M;almacenista;ADULTEZ;1
12;48;1;F;almacenista;ADULTEZ;1
12;52;1;F;almacenista;ADULTEZ;1
12;40;1;M;almacenista;ADOLESCENCIA;2
12;70;1;M;almacenista;ADULTEZ;1
6;48;1;M;almacenista;INFANCIA;1
12;48;1;M;almacenista;JUVENTUD;2
8;48;1;F;almacenista;ADULTEZ;1
12;48;1;F;almacenista;ADULTEZ;1
12;48;1;F;almacenista;ADULTEZ;2
12;40;1;F;almacenista;ADULTEZ;2
12;48;1;F;almacenista;ADOLESCENCIA;1
12;48;1;F;almacenista;ADULTEZ;3
12;48;1;M;almacenista;ADULTEZ;1
12;40;1;M;almacenista;ADOLESCENCIA;4
12;48;1;F;almacenista;ADOLESCENCIA;2
12;60;1;M;almacenista;ADOLESCENCIA;1
12;48;1;F;almacenista;INFANCIA;2
11;48;1;F;almacenista;INFANCIA;2
12;40;1;M;almacenista;ADULTEZ;1
12;50;1;M;almacenista;ADULTEZ;2
12;48;1;F;almacenista;ADOLESCENCIA;1
12;48;1;F;almacenista;JUVENTUD;2
7;48;1;F;almacenista;ADOLESCENCIA;4
8;56;1;F;almacenista;JUVENTUD;2
12;62;1;F;almacenista;ADULTEZ;2
12;48;1;F;almacenista;ADOLESCENCIA;5
12;48;2;F;almacenista;ADULTEZ;1
8;36;2;M;almacenista;ADULTEZ;1
12;48;1;F;almacenista;ADULTEZ;1
8;48;1;M;almacenista;ADULTEZ;1
12;48;1;F;almacenista;VEJEZ;2
12;48;1;F;almacenista;INFANCIA;2
12;48;1;F;almacenista;ADOLESCENCIA;2
12;48;1;M;almacenista;ADULTEZ;2
12;60;1;M;almacenista;ADULTEZ;1
12;45;1;F;almacenista;VEJEZ;4
12;48;1;M;almacenista;JUVENTUD;2
9;49;1;F;almacenista;JUVENTUD;1
12;48;1;F;almacenista;ADULTEZ;1
12;48;1;F;almacenista;JUVENTUD;1
12;48;1;F;almacenista;VEJEZ;1
12;48;1;F;almacenista;INFANCIA;2
12;48;1;M;almacenista;ADULTEZ;1
7;48;1;F;almacenista;ADULTEZ;1
12;48;1;M;almacenista;INFANCIA;1
12;48;1;F;almacenista;ADULTEZ;2
12;48;1;M;almacenista;ADULTEZ;1
12;48;1;F;almacenista;VEJEZ;2
12;48;1;M;almacenista;JUVENTUD;2
12;48;1;M;almacenista;INFANCIA;1
11;52;1;F;almacenista;INFANCIA;2
12;48;1;M;almacenista;INFANCIA;1
12;48;1;F;almacenista;ADULTEZ;1
12;15;2;M;almacenista;JUVENTUD;1
12;27;1;F;almacenista;ADOLESCENCIA;2
12;44;2;M;almacenista;ADULTEZ;2
1;48;2;M;almacenista;ADULTEZ;1
12;48;2;M;almacenista;ADOLESCENCIA;1
12;48;2;M;almacenista;INFANCIA;2
3;48;1;F;almacenista;JUVENTUD;1
12;48;1;M;almacenista;VEJEZ;2
12;48;1;M;almacenista;ADULTEZ;2
12;48;1;M;almacenista;VEJEZ;1
4;48;1;F;almacenista;JUVENTUD;2
12;48;1;M;almacenista;PRIMERA INFANCIA;1
6;48;1;M;almacenista;VEJEZ;2
12;40;1;F;almacenista;VEJEZ;2
12;40;1;M;almacenista;ADULTEZ;2
12;48;1;F;almacenista;JUVENTUD;1
12;48;1;M;almacenista;ADOLESCENCIA;2
12;48;1;F;almacenista;ADULTEZ;2
8;48;1;F;almacenista;JUVENTUD;1
12;48;1;F;almacenista;ADULTEZ;2
12;48;1;M;almacenista;ADOLESCENCIA;2
4;16;1;F;almacenista;ADOLESCENCIA;1
12;48;1;M;almacenista;VEJEZ;1
12;66;1;F;almacenista;ADOLESCENCIA;2
12;48;1;M;almacenista;ADOLESCENCIA;2
12;48;1;M;almacenista;ADOLESCENCIA;1
12;48;1;F;almacenista;INFANCIA;2
12;48;1;F;almacenista;INFANCIA;2
12;48;1;F;almacenista;ADULTEZ;2
12;48;1;M;almacenista;ADULTEZ;1
10;48;1;M;almacenista;ADOLESCENCIA;1
12;48;1;M;almacenista;INFANCIA;1
11;48;1;F;almacenista;JUVENTUD;1
12;48;1;F;almacenista;ADOLESCENCIA;2
12;48;1;M;almacenista;ADULTEZ;2
12;48;1;F;almacenista;VEJEZ;1
4;48;1;F;almacenista;ADULTEZ;1
12;48;1;F;almacenista;INFANCIA;2
12;48;1;M;almacenista;ADULTEZ;1
12;48;1;F;almacenista;VEJEZ;1
12;48;1;M;almacenista;ADULTEZ;1
12;62;1;M;almacenista;ADULTEZ;2
12;48;1;F;almacenista;VEJEZ;2
12;48;1;F;almacenista;ADULTEZ;2
1;40;1;M;almacenista;VEJEZ;2
1;40;1;F;almacenista;VEJEZ;2
11;48;1;F;almacenista;ADULTEZ;2
8;48;2;F;almacenista;VEJEZ;1
5;48;2;M;almacenista;ADULTEZ;2
10;60;2;F;almacenista;ADULTEZ;1
12;50;2;M;almacenista;INFANCIA;1
12;40;2;M;almacenista;VEJEZ;1
12;40;1;M;almacenista;ADOLESCENCIA;2
12;48;2;M;almacenista;INFANCIA;1
12;48;2;F;almacenista;VEJEZ;2
12;48;1;M;almacenista;ADULTEZ;2
12;48;1;F;almacenista;INFANCIA;1
12;44;1;F;almacenista;ADULTEZ;1
12;48;1;M;almacenista;INFANCIA;1
12;48;1;F;almacenista;ADULTEZ;2
12;48;1;M;almacenista;VEJEZ;2
12;48;1;F;almacenista;INFANCIA;1
12;48;1;M;almacenista;ADULTEZ;2
12;66;1;M;almacenista;INFANCIA;1
12;48;1;F;almacenista;ADOLESCENCIA;1
12;40;1;M;almacenista;ADULTEZ;3
12;48;1;F;almacenista;ADULTEZ;1
6;48;1;F;almacenista;ADULTEZ;1
12;48;1;M;almacenista;ADULTEZ;2
12;54;1;M;almacenista;PRIMERA INFANCIA;1
12;48;1;M;almacenista;VEJEZ;2
12;48;1;F;almacenista;ADULTEZ;1
12;60;1;F;almacenista;ADULTEZ;2
12;48;1;F;almacenista;VEJEZ;1
11;48;1;M;almacenista;ADULTEZ;1
12;48;1;M;almacenista;ADULTEZ;1
12;48;1;F;almacenista;JUVENTUD;2
12;48;1;F;almacenista;ADULTEZ;1
12;48;1;M;almacenista;ADULTEZ;1
12;48;1;M;almacenista;ADULTEZ;1
12;20;1;F;almacenista;VEJEZ;1
12;40;1;M;almacenista;JUVENTUD;3
12;56;1;F;almacenista;ADULTEZ;2
6;48;1;F;almacenista;ADULTEZ;1
12;48;1;F;almacenista;INFANCIA;1
12;48;1;F;almacenista;ADULTEZ;2
12;54;1;M;almacenista;INFANCIA;2
12;48;1;F;almacenista;ADULTEZ;2
2;48;1;F;almacenista;ADULTEZ;2
12;48;1;M;almacenista;VEJEZ;1
12;48;1;M;almacenista;ADULTEZ;1
12;48;1;F;almacenista;ADULTEZ;2
12;40;1;M;almacenista;VEJEZ;4
12;48;1;M;almacenista;ADULTEZ;1
12;48;1;F;almacenista;ADULTEZ;2
12;48;1;M;almacenista;INFANCIA;2
1;48;1;M;almacenista;INFANCIA;1
12;46;1;M;almacenista;ADULTEZ;2
12;48;1;M;almacenista;JUVENTUD;1
12;48;1;M;almacenista;PRIMERA INFANCIA;1
1;40;1;M;almacenista;ADULTEZ;1
12;48;1;F;almacenista;ADULTEZ;2
12;40;1;F;almacenista;VEJEZ;2
12;48;1;F;almacenista;ADULTEZ;2
10;40;1;M;almacenista;ADOLESCENCIA;2
12;48;1;F;almacenista;ADULTEZ;2
12;48;1;F;almacenista;ADULTEZ;2
12;48;1;F;almacenista;ADULTEZ;1
12;48;1;F;almacenista;JUVENTUD;1
12;48;1;M;almacenista;ADULTEZ;2
12;48;1;M;almacenista;ADULTEZ;3
12;48;1;M;almacenista;INFANCIA;5
12;48;1;F;almacenista;INFANCIA;1
12;48;1;M;almacenista;ADOLESCENCIA;2
12;48;2;F;almacenista;ADULTEZ;2
12;48;1;F;almacenista;ADULTEZ;2
12;48;1;M;camionero;JUVENTUD;2
8;50;1;M;camionero;ADULTEZ;1
12;48;1;F;camionero;ADOLESCENCIA;1
6;15;1;F;camionero;INFANCIA;1
12;54;1;M;camionero;JUVENTUD;1
12;50;1;F;camionero;ADOLESCENCIA;2
10;45;1;F;camionero;ADULTEZ;1
12;48;1;M;camionero;ADULTEZ;2
12;48;1;M;camionero;ADULTEZ;1
12;60;1;F;camionero;ADULTEZ;1
12;56;1;F;camionero;ADULTEZ;3
12;40;1;F;camionero;ADULTEZ;2
12;60;1;F;camionero;VEJEZ;2
12;60;1;F;camionero;VEJEZ;2
12;48;1;M;camionero;ADULTEZ;1
12;15;1;F;camionero;INFANCIA;1
12;60;1;M;camionero;INFANCIA;3
12;60;1;M;camionero;INFANCIA;2
12;72;1;M;camionero;VEJEZ;5
12;60;1;F;camionero;ADULTEZ;2
12;48;1;M;camionero;ADULTEZ;1
12;50;1;M;camionero;ADULTEZ;2
9;40;1;F;camionero;JUVENTUD;3
12;72;1;F;camionero;VEJEZ;1
8;48;1;F;camionero;ADULTEZ;1
12;54;1;F;camionero;INFANCIA;2
3;20;1;M;camionero;INFANCIA;1
12;45;1;M;camionero;INFANCIA;1
3;48;1;M;camionero;ADULTEZ;1
12;48;1;F;camionero;ADULTEZ;1
12;48;1;M;camionero;ADULTEZ;2
12;48;1;F;camionero;ADULTEZ;1
12;48;1;M;camionero;VEJEZ;2
12;48;1;M;camionero;JUVENTUD;2
12;48;1;F;camionero;JUVENTUD;1
12;36;1;F;camionero;JUVENTUD;3
12;30;1;F;camionero;VEJEZ;1
8;50;1;M;camionero;ADULTEZ;1
12;84;1;M;camionero;ADULTEZ;3
10;40;1;M;camionero;INFANCIA;2
12;20;1;F;camionero;VEJEZ;1
12;48;1;M;camionero;VEJEZ;2
12;48;1;F;camionero;ADULTEZ;1
12;48;1;M;camionero;INFANCIA;1
3;48;1;F;camionero;ADOLESCENCIA;1
12;70;1;M;camionero;VEJEZ;2
12;48;1;F;camionero;ADULTEZ;1
12;70;1;F;camionero;ADULTEZ;2
12;30;1;F;camionero;VEJEZ;1
12;50;1;M;camionero;JUVENTUD;4
12;48;1;F;camionero;VEJEZ;2
5;48;1;F;camionero;JUVENTUD;1
2;72;1;F;camionero;ADULTEZ;1
12;60;1;M;camionero;JUVENTUD;2
12;48;1;M;camionero;ADULTEZ;1
12;70;1;F;camionero;ADULTEZ;1
12;60;1;F;camionero;ADULTEZ;1
12;60;1;F;camionero;ADULTEZ;1
12;48;1;M;camionero;INFANCIA;2
12;70;1;F;camionero;VEJEZ;1
12;50;1;F;camionero;JUVENTUD;4
12;48;2;M;camionero;ADULTEZ;1
12;105;1;F;camionero;JUVENTUD;1
4;48;1;F;camionero;INFANCIA;1
12;40;2;M;camionero;ADULTEZ;1
12;108;2;F;camionero;VEJEZ;2
12;60;2;M;camionero;VEJEZ;2
12;60;1;F;camionero;VEJEZ;3
12;60;1;F;camionero;ADULTEZ;2
12;48;1;M;camionero;VEJEZ;2
12;48;1;M;camionero;ADULTEZ;1
10;48;1;M;camionero;VEJEZ;2
12;50;1;F;camionero;VEJEZ;2
12;50;1;F;camionero;ADULTEZ;2
12;50;1;F;camionero;ADULTEZ;1
12;48;1;M;camionero;INFANCIA;1
11;50;1;M;camionero;ADOLESCENCIA;1
12;70;1;F;camionero;ADOLESCENCIA;2
12;40;1;M;camionero;VEJEZ;2
10;48;1;M;camionero;ADOLESCENCIA;1
10;48;1;F;camionero;ADULTEZ;2
12;72;1;M;camionero;ADULTEZ;1
9;50;1;M;camionero;ADULTEZ;2
12;60;1;M;camionero;ADULTEZ;1
12;40;1;M;camionero;VEJEZ;2
12;48;1;M;camionero;ADULTEZ;2
12;30;1;F;camionero;ADOLESCENCIA;1
12;30;1;F;camionero;ADULTEZ;2
8;48;1;F;camionero;VEJEZ;2
8;40;1;F;camionero;ADULTEZ;2
12;72;1;M;camionero;JUVENTUD;1
9;40;1;F;camionero;VEJEZ;1
12;48;1;M;camionero;VEJEZ;2
12;48;1;M;camionero;JUVENTUD;2
12;48;1;F;camionero;VEJEZ;1
12;40;1;F;camionero;JUVENTUD;1
12;50;1;M;camionero;ADULTEZ;1
12;60;1;M;camionero;ADULTEZ;2
12;60;1;M;camionero;VEJEZ;2
12;50;1;F;camionero;VEJEZ;1
12;60;1;F;camionero;ADULTEZ;1
12;84;1;M;camionero;JUVENTUD;2
12;48;1;M;camionero;ADULTEZ;2
12;16;1;M;camionero;JUVENTUD;1
2;60;1;F;camionero;ADOLESCENCIA;1
11;48;1;F;camionero;VEJEZ;1
3;52;1;M;camionero;JUVENTUD;2
12;50;1;M;camionero;INFANCIA;3
12;48;1;F;camionero;JUVENTUD;2
12;84;1;F;camionero;ADULTEZ;3
12;36;1;M;camionero;ADOLESCENCIA;2
12;48;1;F;camionero;ADULTEZ;3
12;48;1;F;camionero;ADULTEZ;2
12;48;1;M;camionero;ADULTEZ;2
12;70;1;F;camionero;ADOLESCENCIA;1
12;48;1;F;camionero;ADULTEZ;2
12;48;1;M;camionero;JUVENTUD;1
12;48;1;M;camionero;INFANCIA;1
11;48;1;F;camionero;ADULTEZ;2
12;48;1;M;camionero;INFANCIA;2
12;60;1;F;camionero;ADULTEZ;2
12;70;1;M;camionero;ADULTEZ;5
12;48;1;F;camionero;INFANCIA;1
12;40;1;F;camionero;ADOLESCENCIA;1
12;84;1;F;camionero;ADULTEZ;2
12;48;1;F;camionero;VEJEZ;2
12;48;1;F;camionero;JUVENTUD;2
12;60;1;F;camionero;ADOLESCENCIA;2
12;48;1;M;camionero;ADULTEZ;2
12;48;1;M;camionero;ADULTEZ;3
12;48;1;M;camionero;JUVENTUD;4
12;60;1;M;camionero;ADULTEZ;1
12;50;1;M;camionero;ADULTEZ;2
12;48;1;F;camionero;ADULTEZ;1
12;48;1;M;camionero;ADOLESCENCIA;1
12;48;1;F;camionero;ADULTEZ;2
12;48;1;M;camionero;ADULTEZ;2
12;64;1;M;camionero;ADOLESCENCIA;2
12;48;1;M;camionero;ADULTEZ;1
12;48;1;F;camionero;ADULTEZ;2
12;48;1;F;camionero;VEJEZ;1
12;60;1;F;camionero;VEJEZ;1
12;60;1;F;camionero;JUVENTUD;2
12;50;1;M;camionero;ADULTEZ;2
12;60;1;M;camionero;INFANCIA;1
12;48;1;F;camionero;VEJEZ;1
12;48;1;F;camionero;JUVENTUD;1
12;48;1;M;camionero;JUVENTUD;1
12;75;1;M;camionero;VEJEZ;2
12;48;1;F;camionero;INFANCIA;1
12;48;1;M;camionero;INFANCIA;1
12;48;1;F;camionero;ADOLESCENCIA;2
12;40;1;M;camionero;ADULTEZ;1
12;48;1;F;camionero;ADULTEZ;3
12;48;1;M;camionero;INFANCIA;1
12;48;1;F;camionero;ADULTEZ;3
12;60;1;F;camionero;JUVENTUD;1
12;62;1;M;camionero;ADULTEZ;1
12;48;1;M;camionero;ADULTEZ;2
12;60;1;M;camionero;INFANCIA;1
12;40;1;M;camionero;ADULTEZ;2
12;48;1;F;camionero;JUVENTUD;1
12;48;1;F;camionero;ADOLESCENCIA;2
12;48;1;F;camionero;JUVENTUD;2
12;48;2;M;camionero;ADOLESCENCIA;1
12;48;2;F;camionero;INFANCIA;1
12;48;1;M;camionero;JUVENTUD;1
8;48;1;F;camionero;ADULTEZ;1
12;60;1;M;camionero;ADULTEZ;1
12;50;1;F;camionero;JUVENTUD;2
12;24;1;M;camionero;ADULTEZ;1
12;48;1;M;camionero;ADOLESCENCIA;2
12;52;1;F;camionero;ADULTEZ;1
12;48;1;F;camionero;ADULTEZ;2
11;40;1;M;camionero;PRIMERA INFANCIA;2
12;30;1;F;camionero;ADULTEZ;1
12;36;1;F;camionero;ADULTEZ;1
10;70;1;F;camionero;ADULTEZ;2
8;48;1;F;camionero;INFANCIA;1
12;48;1;M;camionero;ADULTEZ;1
8;30;1;M;camionero;ADULTEZ;1
12;50;1;M;camionero;JUVENTUD;2
12;30;1;M;camionero;INFANCIA;1
9;48;1;M;camionero;ADULTEZ;2
12;48;1;F;camionero;ADULTEZ;2
12;30;2;F;camionero;ADULTEZ;1
12;40;1;F;camionero;VEJEZ;1
12;70;1;M;camionero;ADULTEZ;3
12;48;2;F;camionero;VEJEZ;2
4;70;2;F;camionero;ADULTEZ;1
12;70;2;F;camionero;ADULTEZ;2
6;20;2;M;camionero;INFANCIA;1
12;50;1;M;camionero;ADULTEZ;2
12;60;1;M;camionero;VEJEZ;3
12;84;1;F;camionero;VEJEZ;1
12;60;1;M;camionero;JUVENTUD;1
11;40;1;M;camionero;ADULTEZ;1
12;80;1;F;camionero;ADULTEZ;4
12;48;1;M;camionero;JUVENTUD;2
12;48;1;M;camionero;ADULTEZ;2
12;48;1;M;camionero;ADULTEZ;1
12;48;1;F;camionero;ADULTEZ;1
12;48;1;M;camionero;ADULTEZ;1
12;40;1;F;camionero;PRIMERA INFANCIA;1
12;48;1;F;camionero;ADOLESCENCIA;2
12;48;1;M;camionero;ADULTEZ;1
6;40;1;M;camionero;INFANCIA;1
12;48;1;M;camionero;ADULTEZ;1
12;30;1;M;camionero;ADOLESCENCIA;1
12;48;1;F;camionero;ADULTEZ;1
12;48;1;F;camionero;VEJEZ;2
12;52;1;M;camionero;VEJEZ;1
12;48;1;F;camionero;ADULTEZ;2
12;52;1;F;camionero;VEJEZ;2
12;60;1;M;camionero;VEJEZ;1
4;16;1;F;camionero;ADULTEZ;1
12;48;1;M;camionero;ADULTEZ;1
7;40;1;F;camionero;ADULTEZ;1
12;50;1;F;camionero;JUVENTUD;3
12;48;1;F;camionero;JUVENTUD;1
12;50;1;M;camionero;INFANCIA;2
12;60;1;F;camionero;ADOLESCENCIA;2
12;30;1;M;camionero;ADULTEZ;1
12;48;1;F;camionero;VEJEZ;1
12;48;1;F;camionero;JUVENTUD;1
12;48;1;M;camionero;ADULTEZ;2
12;48;1;F;camionero;JUVENTUD;1
12;80;1;F;camionero;VEJEZ;1
12;60;1;M;camionero;VEJEZ;2
12;60;1;M;camionero;ADULTEZ;3
12;52;1;M;camionero;VEJEZ;2
12;60;1;M;camionero;ADULTEZ;2
12;48;1;M;camionero;PRIMERA INFANCIA;1
12;50;1;M;camionero;VEJEZ;1
12;70;1;F;camionero;ADULTEZ;2
12;40;2;F;camionero;VEJEZ;2
12;70;2;M;camionero;INFANCIA;2
12;48;1;F;camionero;ADULTEZ;3
12;48;1;F;camionero;JUVENTUD;2
7;48;1;M;camionero;ADOLESCENCIA;1
12;36;1;M;camionero;ADULTEZ;1
12;54;2;F;camionero;ADULTEZ;2
12;70;2;F;camionero;VEJEZ;4
12;48;2;F;camionero;VEJEZ;2
12;48;2;F;camionero;VEJEZ;1
12;72;2;F;camionero;VEJEZ;2
12;40;1;M;camionero;ADULTEZ;1
12;48;1;F;camionero;INFANCIA;3
12;48;1;F;camionero;VEJEZ;1
12;48;1;F;camionero;JUVENTUD;2
12;48;1;M;camionero;ADULTEZ;2
12;84;1;F;camionero;ADULTEZ;2
12;60;1;F;camionero;ADULTEZ;2
4;44;1;F;camionero;VEJEZ;2
12;70;1;F;camionero;JUVENTUD;1
12;48;1;M;camionero;ADULTEZ;2
12;40;1;F;camionero;VEJEZ;1
12;50;1;F;camionero;ADULTEZ;2
12;40;1;M;camionero;ADULTEZ;1
12;48;1;M;camionero;ADULTEZ;2
1;48;1;F;camionero;ADULTEZ;1
12;48;1;M;camionero;JUVENTUD;1
12;54;1;M;camionero;ADULTEZ;3
12;50;1;M;camionero;ADULTEZ;1
12;60;1;M;camionero;ADULTEZ;1
12;48;1;M;camionero;ADULTEZ;2
12;48;1;F;camionero;ADULTEZ;2
12;48;1;F;camionero;VEJEZ;2
12;60;1;M;camionero;ADULTEZ;3
12;48;1;F;camionero;ADULTEZ;2
12;48;1;F;camionero;ADOLESCENCIA;1
12;50;1;F;camionero;VEJEZ;1
12;50;1;F;camionero;JUVENTUD;1
2;50;1;M;camionero;ADULTEZ;1
12;50;1;F;camionero;ADULTEZ;1
12;50;1;F;camionero;ADOLESCENCIA;1
12;50;1;F;camionero;JUVENTUD;2
10;30;1;M;camionero;VEJEZ;1
12;60;1;F;camionero;VEJEZ;2
8;72;1;F;camionero;INFANCIA;2
12;96;1;F;camionero;ADULTEZ;1
12;40;1;F;camionero;ADOLESCENCIA;2
11;60;1;M;camionero;INFANCIA;1
9;40;1;M;camionero;ADULTEZ;1
12;48;1;M;camionero;ADULTEZ;2
12;55;1;M;camionero;JUVENTUD;2
12;48;1;M;camionero;JUVENTUD;2
12;24;1;F;camionero;PRIMERA INFANCIA;1
12;48;1;M;camionero;JUVENTUD;2
12;48;1;M;camionero;VEJEZ;2
12;70;1;M;camionero;ADULTEZ;2
12;60;1;F;camionero;ADULTEZ;2
12;48;1;F;camionero;ADOLESCENCIA;2
12;60;1;F;camionero;ADULTEZ;2
12;60;1;M;camionero;ADULTEZ;1
11;90;1;F;camionero;JUVENTUD;3
3;60;1;F;camionero;ADULTEZ;1
12;48;1;F;camionero;ADULTEZ;2
12;48;1;M;camionero;INFANCIA;1
12;60;1;F;camionero;ADULTEZ;2
12;60;1;M;camionero;JUVENTUD;2
12;48;1;M;camionero;ADOLESCENCIA;2
12;48;1;F;camionero;ADULTEZ;2
12;60;1;F;camionero;JUVENTUD;1
12;60;1;F;camionero;ADOLESCENCIA;2
12;48;1;F;camionero;ADULTEZ;1
12;40;1;F;camionero;ADULTEZ;1
12;54;1;F;camionero;ADULTEZ;1
12;48;1;M;camionero;ADULTEZ;1
12;48;1;F;camionero;ADULTEZ;2
10;50;1;F;camionero;JUVENTUD;1
6;48;1;F;camionero;JUVENTUD;1
12;60;1;M;camionero;ADULTEZ;2
12;40;1;F;camionero;ADULTEZ;2
12;48;1;M;camionero;VEJEZ;2
12;45;1;F;camionero;ADULTEZ;1
12;48;1;M;camionero;ADULTEZ;1
12;48;1;F;camionero;INFANCIA;2
12;48;1;M;camionero;ADULTEZ;2
12;60;1;M;camionero;INFANCIA;1
12;72;1;M;camionero;ADULTEZ;2
12;70;1;F;camionero;ADOLESCENCIA;1
12;72;1;F;camionero;VEJEZ;2
6;48;1;F;camionero;ADULTEZ;1
12;48;1;M;camionero;ADULTEZ;1
12;60;1;M;camionero;JUVENTUD;2
12;70;1;F;camionero;ADOLESCENCIA;2
12;48;1;M;camionero;ADOLESCENCIA;1
12;50;1;M;camionero;ADULTEZ;1
12;60;1;M;camionero;ADULTEZ;1
12;48;1;M;electricista;ADULTEZ;2
12;49;1;F;electricista;ADOLESCENCIA;2
12;50;1;F;electricista;ADOLESCENCIA;1
12;56;1;F;electricista;JUVENTUD;1
12;48;1;F;electricista;ADULTEZ;2
12;48;1;M;electricista;JUVENTUD;2
12;40;1;M;electricista;INFANCIA;1
12;48;1;M;electricista;ADULTEZ;1
12;72;1;M;electricista;ADOLESCENCIA;1
8;48;1;F;electricista;ADULTEZ;1
12;60;1;F;electricista;ADULTEZ;1
12;48;1;F;electricista;ADULTEZ;1
12;35;1;M;electricista;VEJEZ;2
12;50;1;F;electricista;VEJEZ;2
3;30;1;F;electricista;ADULTEZ;1
12;12;1;M;electricista;ADULTEZ;1
12;48;1;F;electricista;VEJEZ;2
12;30;1;M;electricista;ADOLESCENCIA;1
12;48;1;F;electricista;ADOLESCENCIA;1
7;40;1;F;electricista;VEJEZ;1
12;48;1;M;electricista;ADULTEZ;2
12;30;1;F;electricista;ADULTEZ;1
12;48;1;F;electricista;VEJEZ;1
12;45;1;M;electricista;ADOLESCENCIA;1
12;60;1;F;electricista;JUVENTUD;2
12;45;1;F;electricista;ADOLESCENCIA;1
12;48;1;F;electricista;JUVENTUD;2
12;48;1;M;electricista;INFANCIA;2
11;45;1;F;electricista;JUVENTUD;1
12;60;2;M;electricista;ADULTEZ;1
12;48;1;F;electricista;ADULTEZ;2
11;48;1;M;electricista;ADULTEZ;4
3;48;1;F;electricista;ADULTEZ;2
2;54;1;F;electricista;JUVENTUD;2
12;48;1;F;electricista;ADULTEZ;1
12;30;1;M;electricista;ADULTEZ;1
12;48;1;F;electricista;JUVENTUD;2
12;40;1;M;electricista;ADULTEZ;2
12;48;1;F;electricista;ADULTEZ;2
12;48;1;M;electricista;JUVENTUD;2
10;48;1;F;electricista;VEJEZ;4
12;35;1;F;electricista;ADULTEZ;1
12;44;1;M;electricista;ADULTEZ;1
10;50;1;F;electricista;ADULTEZ;2
12;48;1;F;electricista;ADULTEZ;2
12;60;1;M;electricista;VEJEZ;1
12;28;1;F;electricista;ADULTEZ;1
6;48;1;M;electricista;INFANCIA;1
12;40;1;M;electricista;ADULTEZ;1
6;16;1;M;electricista;ADULTEZ;1
12;48;1;M;electricista;JUVENTUD;2
12;48;1;F;electricista;INFANCIA;2
12;48;1;M;electricista;ADULTEZ;2
12;48;2;M;electricista;VEJEZ;5
12;48;1;F;electricista;ADULTEZ;2
12;35;1;M;electricista;ADOLESCENCIA;1
12;38;1;M;electricista;ADULTEZ;1
2;48;1;F;electricista;ADULTEZ;2
1;8;1;M;electricista;ADULTEZ;1
12;48;1;M;electricista;VEJEZ;2
12;48;1;F;electricista;ADULTEZ;3
1;48;1;M;electricista;INFANCIA;1
12;48;1;M;electricista;INFANCIA;1
12;35;1;M;electricista;INFANCIA;2
12;48;1;M;electricista;INFANCIA;2
12;48;1;M;electricista;JUVENTUD;1
12;40;1;M;electricista;ADOLESCENCIA;1
10;48;1;F;electricista;ADULTEZ;1
12;54;1;M;electricista;ADULTEZ;1
12;48;1;F;electricista;JUVENTUD;2
12;48;1;F;electricista;ADULTEZ;1
12;60;1;F;electricista;ADULTEZ;1
12;50;1;M;electricista;ADOLESCENCIA;5
12;48;1;F;electricista;ADULTEZ;2
12;60;1;M;electricista;ADULTEZ;2
12;40;1;M;electricista;ADULTEZ;1
12;40;1;M;electricista;VEJEZ;2
12;48;1;M;electricista;PRIMERA INFANCIA;1
12;48;1;M;electricista;ADOLESCENCIA;1
12;48;1;M;electricista;ADULTEZ;1
10;48;1;M;electricista;ADULTEZ;1
12;48;1;F;electricista;VEJEZ;2
12;48;1;F;electricista;JUVENTUD;2
12;48;1;M;electricista;ADULTEZ;1
12;40;1;F;electricista;ADULTEZ;1
12;40;1;F;electricista;ADULTEZ;1
12;45;1;F;electricista;VEJEZ;2
12;35;1;F;electricista;VEJEZ;2
12;20;1;M;electricista;JUVENTUD;1
12;48;1;F;electricista;JUVENTUD;5
7;40;1;M;electricista;VEJEZ;2
12;58;1;F;electricista;INFANCIA;2
12;48;1;M;electricista;ADULTEZ;2
12;48;1;F;electricista;ADULTEZ;2
12;50;1;F;electricista;ADULTEZ;2
12;48;1;F;electricista;JUVENTUD;1
12;48;1;M;electricista;INFANCIA;1
12;40;1;F;electricista;ADULTEZ;2
3;48;1;F;electricista;JUVENTUD;2
10;44;1;F;electricista;VEJEZ;2
12;48;1;M;electricista;VEJEZ;1
12;48;1;F;electricista;ADULTEZ;1
12;48;1;F;electricista;ADOLESCENCIA;1
12;48;1;F;electricista;JUVENTUD;2
12;48;1;F;electricista;VEJEZ;2
8;48;1;M;electricista;VEJEZ;1
12;60;1;F;electricista;VEJEZ;5
12;48;1;M;electricista;PRIMERA INFANCIA;1
12;48;1;F;electricista;ADULTEZ;1
12;40;1;M;electricista;ADULTEZ;2
12;48;1;F;electricista;ADOLESCENCIA;2
12;36;1;M;electricista;VEJEZ;2
12;48;1;M;electricista;ADULTEZ;2
12;60;1;M;electricista;ADULTEZ;2
12;60;1;F;electricista;ADULTEZ;1
12;40;1;F;electricista;JUVENTUD;2
12;48;1;M;electricista;ADULTEZ;1
12;72;1;M;electricista;ADOLESCENCIA;1
12;40;1;F;arquitecto;VEJEZ;3
4;10;1;F;arquitecto;ADULTEZ;3
12;40;1;M;arquitecto;ADULTEZ;5
12;30;1;M;arquitecto;PRIMERA INFANCIA;5
12;60;1;F;arquitecto;ADULTEZ;5
12;40;1;F;arquitecto;VEJEZ;2
8;40;1;M;arquitecto;JUVENTUD;3
12;25;1;F;arquitecto;ADULTEZ;2
12;44;1;F;arquitecto;ADOLESCENCIA;3
2;24;1;M;arquitecto;VEJEZ;1
11;48;1;F;arquitecto;ADULTEZ;2
12;40;1;M;arquitecto;INFANCIA;2
12;48;1;M;arquitecto;ADULTEZ;3
12;48;1;F;arquitecto;ADULTEZ;3
12;48;1;F;arquitecto;INFANCIA;2
12;48;1;F;arquitecto;JUVENTUD;2
12;48;1;F;arquitecto;ADULTEZ;3
12;48;1;F;arquitecto;ADULTEZ;3
12;48;1;F;arquitecto;ADULTEZ;5
6;45;1;F;arquitecto;VEJEZ;3
12;40;1;F;arquitecto;INFANCIA;2
12;48;1;F;arquitecto;ADULTEZ;2
6;40;1;F;arquitecto;ADULTEZ;2
12;45;1;F;arquitecto;ADULTEZ;2
12;40;1;F;arquitecto;JUVENTUD;2
8;48;1;M;arquitecto;JUVENTUD;3
12;12;1;F;arquitecto;VEJEZ;2
12;48;1;M;arquitecto;ADULTEZ;3
12;40;1;F;arquitecto;ADULTEZ;4
12;40;1;F;arquitecto;ADULTEZ;4
12;42;1;M;arquitecto;PRIMERA INFANCIA;3
12;48;1;F;arquitecto;JUVENTUD;2
12;45;1;M;arquitecto;VEJEZ;2
12;40;1;M;arquitecto;INFANCIA;5
9;40;1;M;arquitecto;VEJEZ;5
12;50;2;F;arquitecto;ADULTEZ;4
12;48;1;F;arquitecto;VEJEZ;1
12;40;1;F;arquitecto;ADULTEZ;5
12;60;1;F;arquitecto;VEJEZ;1
12;48;1;F;arquitecto;VEJEZ;5
12;45;1;M;arquitecto;INFANCIA;2
12;48;1;F;arquitecto;ADULTEZ;4
8;30;1;F;arquitecto;ADOLESCENCIA;2
12;84;1;M;arquitecto;JUVENTUD;4
12;48;1;F;arquitecto;INFANCIA;4
12;48;1;M;arquitecto;JUVENTUD;2
12;48;1;F;arquitecto;VEJEZ;1
12;40;1;M;arquitecto;ADULTEZ;2
12;48;1;M;arquitecto;VEJEZ;2
12;48;1;M;arquitecto;ADULTEZ;2
12;40;1;F;abogado;VEJEZ;5
12;30;1;M;abogado;VEJEZ;5
12;40;1;F;abogado;ADULTEZ;1
12;40;1;F;abogado;ADULTEZ;5
12;48;1;F;abogado;ADOLESCENCIA;1
2;48;1;F;abogado;ADULTEZ;2
11;48;1;M;abogado;JUVENTUD;5
12;48;1;M;abogado;INFANCIA;5
12;48;1;F;abogado;INFANCIA;5
12;40;1;M;abogado;ADULTEZ;3
12;40;1;M;abogado;VEJEZ;2
12;48;1;M;abogado;VEJEZ;5
12;48;1;F;abogado;INFANCIA;2
7;48;1;F;abogado;ADULTEZ;2
12;42;1;M;abogado;VEJEZ;2
8;40;1;F;abogado;VEJEZ;4
12;40;1;M;abogado;JUVENTUD;2
12;40;1;M;abogado;ADULTEZ;5
12;48;1;F;abogado;ADULTEZ;2
12;48;1;M;abogado;ADULTEZ;5
12;44;1;M;abogado;ADULTEZ;3
2;48;1;M;abogado;ADOLESCENCIA;3
2;4;1;F;abogado;VEJEZ;1
12;48;1;M;abogado;ADULTEZ;2
12;48;1;F;abogado;ADULTEZ;3
12;48;1;M;abogado;ADULTEZ;5
12;50;1;F;abogado;ADULTEZ;5
12;40;1;F;abogado;JUVENTUD;5
12;55;1;F;abogado;VEJEZ;5
9;50;1;F;abogado;ADULTEZ;4
12;48;1;F;abogado;ADULTEZ;3
12;48;1;M;abogado;ADOLESCENCIA;4
12;48;1;F;abogado;ADOLESCENCIA;2
12;48;1;M;abogado;JUVENTUD;2
12;40;1;M;abogado;ADULTEZ;2
12;48;1;F;abogado;VEJEZ;2
12;40;1;M;abogado;VEJEZ;3
12;40;1;M;abogado;VEJEZ;3
12;48;1;F;abogado;JUVENTUD;3
12;40;1;F;abogado;VEJEZ;3
12;40;1;F;abogado;ADULTEZ;3
12;48;1;F;abogado;ADOLESCENCIA;5
12;35;1;M;abogado;INFANCIA;1
9;48;1;M;abogado;ADOLESCENCIA;4
12;48;1;M;abogado;JUVENTUD;4
12;40;1;F;abogado;ADULTEZ;3
12;48;1;F;abogado;ADULTEZ;5
12;40;1;F;abogado;ADULTEZ;5
12;40;1;F;abogado;VEJEZ;5
10;40;1;M;abogado;VEJEZ;2
1;45;1;F;abogado;ADULTEZ;2
12;40;1;F;abogado;ADULTEZ;2
12;48;1;F;abogado;ADULTEZ;5
12;16;1;F;abogado;JUVENTUD;2
12;48;1;M;abogado;ADULTEZ;5
12;40;2;F;abogado;VEJEZ;3
12;48;2;M;abogado;ADULTEZ;5
12;48;2;F;abogado;JUVENTUD;1
12;48;2;M;abogado;JUVENTUD;3
12;40;1;M;abogado;JUVENTUD;2
12;40;2;M;abogado;ADULTEZ;2
12;40;1;M;abogado;ADULTEZ;1
12;30;1;M;abogado;JUVENTUD;5
12;48;1;M;abogado;ADOLESCENCIA;2
12;48;1;F;abogado;ADOLESCENCIA;3
12;48;1;F;abogado;VEJEZ;5
12;25;1;M;abogado;ADOLESCENCIA;2
12;40;1;F;abogado;ADULTEZ;4
12;48;1;F;abogado;JUVENTUD;3
12;48;1;F;abogado;ADOLESCENCIA;5
4;30;1;M;abogado;ADOLESCENCIA;1
12;48;1;F;abogado;ADULTEZ;2
12;24;1;M;abogado;JUVENTUD;3
12;48;1;M;abogado;JUVENTUD;1
12;40;1;F;abogado;ADULTEZ;5
12;48;1;F;abogado;ADULTEZ;4
12;40;1;F;abogado;VEJEZ;3
12;48;1;F;abogado;ADULTEZ;5
12;48;1;F;abogado;ADULTEZ;2
12;40;1;M;abogado;ADULTEZ;4
12;40;1;M;abogado;ADULTEZ;5
12;48;1;F;abogado;ADULTEZ;5
10;48;1;F;abogado;VEJEZ;5
12;48;1;F;abogado;ADOLESCENCIA;2
12;40;1;M;abogado;ADULTEZ;2
12;40;1;M;abogado;JUVENTUD;3
12;40;1;M;abogado;JUVENTUD;2
8;25;1;F;abogado;ADULTEZ;3
10;40;1;M;abogado;ADULTEZ;3
12;48;1;M;abogado;ADULTEZ;4
12;40;1;F;abogado;ADULTEZ;1
12;48;1;F;abogado;VEJEZ;3
12;48;1;M;abogado;JUVENTUD;1
12;45;1;M;abogado;ADULTEZ;3
12;40;1;M;abogado;JUVENTUD;4
12;48;1;F;abogado;VEJEZ;4
12;30;1;F;abogado;ADOLESCENCIA;1
12;40;1;F;abogado;VEJEZ;3
12;48;1;M;abogado;VEJEZ;4
12;57;1;F;abogado;JUVENTUD;5
12;25;1;M;abogado;JUVENTUD;2
12;30;1;M;abogado;ADOLESCENCIA;5
3;40;1;F;abogado;VEJEZ;2
12;48;1;F;abogado;INFANCIA;5
12;48;1;M;abogado;ADULTEZ;4
12;40;1;F;abogado;ADULTEZ;2
12;48;1;F;abogado;ADULTEZ;2
12;48;1;F;abogado;ADULTEZ;5
12;48;1;F;abogado;ADULTEZ;3
12;48;1;F;abogado;ADULTEZ;2
12;54;1;F;abogado;VEJEZ;4
12;48;1;F;abogado;JUVENTUD;3
12;40;1;F;abogado;ADULTEZ;5
12;30;1;F;abogado;ADULTEZ;2
12;48;1;F;abogado;ADULTEZ;3
12;50;1;F;abogado;JUVENTUD;4
12;45;1;F;abogado;ADULTEZ;5
12;48;1;M;abogado;VEJEZ;5
12;48;1;F;abogado;ADULTEZ;5
12;40;1;M;abogado;ADULTEZ;1
12;40;1;M;abogado;JUVENTUD;4
12;40;1;M;abogado;VEJEZ;4
12;48;1;M;abogado;ADULTEZ;2
12;48;1;F;abogado;INFANCIA;3
8;48;1;F;abogado;VEJEZ;4
4;24;1;M;abogado;VEJEZ;1
12;48;1;M;abogado;VEJEZ;3
12;50;1;M;abogado;ADULTEZ;5
11;40;1;F;abogado;ADULTEZ;5
12;48;1;F;abogado;VEJEZ;3
12;36;1;F;abogado;ADULTEZ;3
12;48;1;M;abogado;ADULTEZ;3
12;48;1;F;abogado;ADULTEZ;5
11;40;1;F;abogado;INFANCIA;3
12;36;1;F;abogado;ADULTEZ;3
12;20;1;F;abogado;VEJEZ;5
12;48;1;F;abogado;ADULTEZ;4
12;48;1;M;abogado;ADULTEZ;2
12;25;1;F;abogado;INFANCIA;4
12;60;1;F;abogado;ADOLESCENCIA;5
1;40;1;F;abogado;ADULTEZ;3
12;40;1;F;abogado;VEJEZ;3
6;45;1;M;abogado;ADULTEZ;2
12;48;1;F;abogado;VEJEZ;5
12;48;1;F;abogado;VEJEZ;2
11;40;1;M;abogado;JUVENTUD;1
12;60;1;F;abogado;ADULTEZ;2
12;40;1;F;abogado;ADULTEZ;4
12;48;1;M;abogado;ADULTEZ;2
12;48;1;F;abogado;ADULTEZ;5
12;48;1;M;abogado;ADOLESCENCIA;3
12;48;1;F;abogado;ADULTEZ;1
12;24;1;F;abogado;ADOLESCENCIA;2
12;40;1;F;abogado;PRIMERA INFANCIA;2
12;40;2;M;abogado;ADULTEZ;3
12;48;1;F;abogado;VEJEZ;3
12;40;1;M;abogado;ADULTEZ;4
5;24;1;F;abogado;ADULTEZ;5
12;48;1;M;abogado;ADOLESCENCIA;5
12;48;1;F;abogado;VEJEZ;3
12;48;1;M;abogado;ADOLESCENCIA;5
12;45;1;M;abogado;ADOLESCENCIA;4
12;48;1;F;abogado;ADULTEZ;5
12;48;1;M;abogado;ADULTEZ;5
12;48;1;F;abogado;ADULTEZ;3
12;48;1;F;abogado;ADULTEZ;3
12;40;1;M;abogado;INFANCIA;4
12;40;1;F;abogado;ADULTEZ;2
12;48;1;F;abogado;ADOLESCENCIA;5
12;48;1;F;abogado;JUVENTUD;2
12;40;1;M;abogado;VEJEZ;4
12;40;1;M;abogado;ADULTEZ;2
12;48;1;M;abogado;JUVENTUD;4
12;45;1;M;abogado;INFANCIA;4
12;48;1;M;abogado;ADULTEZ;1
12;48;1;F;abogado;VEJEZ;5
12;60;1;M;abogado;ADULTEZ;5
12;48;1;M;abogado;ADULTEZ;5
12;40;1;M;abogado;JUVENTUD;2
12;48;1;F;abogado;INFANCIA;1
12;48;1;M;abogado;INFANCIA;1
12;50;1;M;abogado;JUVENTUD;2
10;48;1;F;abogado;JUVENTUD;1
11;40;1;F;abogado;JUVENTUD;2
12;48;1;F;abogado;ADOLESCENCIA;5
12;48;1;M;abogado;ADOLESCENCIA;2
12;40;1;F;abogado;ADULTEZ;4
12;40;1;F;abogado;INFANCIA;3
12;40;1;F;abogado;VEJEZ;3
12;40;1;F;abogado;ADOLESCENCIA;5
12;35;1;F;abogado;ADOLESCENCIA;3
12;40;1;M;abogado;ADULTEZ;2
12;40;1;F;abogado;ADOLESCENCIA;5
12;48;1;F;abogado;VEJEZ;4
12;48;1;F;abogado;JUVENTUD;3
12;48;1;F;abogado;ADOLESCENCIA;2
6;40;1;F;abogado;INFANCIA;2
12;40;1;F;abogado;ADOLESCENCIA;5
6;20;1;F;abogado;INFANCIA;1
12;40;1;F;abogado;ADULTEZ;3
12;40;1;M;abogado;ADOLESCENCIA;2
12;40;1;M;abogado;VEJEZ;3
12;40;1;F;abogado;ADULTEZ;4
12;48;1;M;abogado;ADULTEZ;5
12;48;1;M;abogado;JUVENTUD;3
12;48;1;M;abogado;ADULTEZ;4
12;50;1;F;abogado;VEJEZ;4
5;40;1;M;abogado;VEJEZ;3
12;30;1;F;abogado;JUVENTUD;2
12;48;1;F;abogado;ADULTEZ;5
10;40;1;F;abogado;INFANCIA;3
12;48;1;F;abogado;ADULTEZ;4
12;48;1;M;abogado;JUVENTUD;4
11;40;1;F;abogado;VEJEZ;1
12;50;1;M;abogado;ADULTEZ;2
12;20;1;M;abogado;INFANCIA;2
12;40;1;F;abogado;ADULTEZ;2
12;40;1;M;abogado;VEJEZ;2
12;48;1;F;abogado;ADULTEZ;2
12;30;1;F;abogado;INFANCIA;1
6;35;2;F;abogado;INFANCIA;4
12;40;2;F;abogado;VEJEZ;2
12;48;1;F;abogado;ADOLESCENCIA;3
12;48;1;M;abogado;VEJEZ;2
12;20;1;F;abogado;VEJEZ;5
12;60;1;F;abogado;VEJEZ;5
12;40;1;F;abogado;JUVENTUD;4
10;40;1;F;abogado;INFANCIA;2
12;48;1;M;abogado;ADULTEZ;2
12;48;1;M;abogado;ADULTEZ;2
12;40;1;F;abogado;INFANCIA;2
12;40;1;F;abogado;JUVENTUD;3
12;45;1;F;abogado;ADULTEZ;5
12;60;1;F;abogado;ADULTEZ;5
12;45;1;M;abogado;ADOLESCENCIA;3
12;40;1;F;abogado;ADULTEZ;1
12;30;1;F;abogado;ADULTEZ;1
12;48;1;F;abogado;ADULTEZ;4
12;40;1;F;abogado;ADULTEZ;1
12;48;1;F;abogado;ADOLESCENCIA;2
12;48;1;M;abogado;JUVENTUD;2
12;40;1;F;abogado;INFANCIA;1
12;40;1;F;abogado;ADULTEZ;4
12;120;1;M;abogado;ADULTEZ;4
12;40;1;M;abogado;ADULTEZ;4
12;48;1;M;abogado;ADULTEZ;5
5;48;1;F;abogado;JUVENTUD;1
12;36;1;F;abogado;JUVENTUD;3
6;40;1;F;abogado;ADULTEZ;5
12;40;1;F;abogado;ADOLESCENCIA;5
12;48;1;M;abogado;ADOLESCENCIA;4
12;48;1;F;abogado;INFANCIA;3
12;40;1;F;abogado;ADOLESCENCIA;5
12;40;1;M;abogado;ADULTEZ;2
12;40;1;F;abogado;VEJEZ;2
4;20;1;M;abogado;INFANCIA;2
12;60;1;M;abogado;ADULTEZ;2
12;40;1;M;abogado;JUVENTUD;5
12;30;1;F;abogado;VEJEZ;5
12;40;1;F;abogado;ADULTEZ;4
12;50;1;F;abogado;ADULTEZ;3
5;60;1;M;abogado;INFANCIA;2
12;48;1;F;abogado;ADULTEZ;1
12;48;1;M;abogado;ADOLESCENCIA;2
12;45;1;M;abogado;ADOLESCENCIA;3
12;48;1;F;abogado;ADULTEZ;3
12;40;1;F;abogado;ADOLESCENCIA;5
12;48;1;F;abogado;ADULTEZ;3
12;48;1;F;abogado;VEJEZ;4
12;40;1;M;abogado;ADULTEZ;4
12;48;1;F;abogado;JUVENTUD;5
12;48;1;F;abogado;ADOLESCENCIA;4
12;50;1;M;abogado;ADULTEZ;4
12;50;1;M;abogado;PRIMERA INFANCIA;5
12;40;1;F;abogado;ADOLESCENCIA;5
12;40;1;F;abogado;JUVENTUD;4
7;48;1;F;abogado;VEJEZ;3
12;40;1;F;abogado;VEJEZ;3
12;48;1;F;abogado;ADULTEZ;4
12;48;1;F;abogado;ADOLESCENCIA;5
12;48;1;F;abogado;ADULTEZ;3
12;48;1;M;abogado;ADULTEZ;3
1;44;1;F;abogado;ADULTEZ;4
12;48;1;F;abogado;ADOLESCENCIA;4
12;48;1;M;abogado;ADULTEZ;2
12;40;1;F;abogado;ADOLESCENCIA;5
12;48;1;F;abogado;ADULTEZ;5
12;44;1;F;carpintero;ADULTEZ;1
1;44;1;F;carpintero;ADULTEZ;1
12;48;1;M;carpintero;JUVENTUD;2
12;32;1;F;carpintero;ADOLESCENCIA;1
12;22;1;F;carpintero;ADOLESCENCIA;1
12;50;1;F;carpintero;INFANCIA;1
12;48;1;M;carpintero;ADULTEZ;1
12;10;1;F;carpintero;ADULTEZ;1
12;48;1;F;carpintero;ADULTEZ;2
12;48;1;M;carpintero;ADOLESCENCIA;1
12;50;1;F;carpintero;VEJEZ;1
12;54;2;M;carpintero;ADULTEZ;1
2;48;1;M;carpintero;ADULTEZ;1
12;48;1;M;carpintero;JUVENTUD;1
12;48;1;F;carpintero;ADULTEZ;1
12;48;1;F;carpintero;JUVENTUD;1
12;48;1;M;carpintero;ADULTEZ;1
8;20;1;F;carpintero;VEJEZ;1
12;49;1;M;carpintero;INFANCIA;2
12;40;2;F;carpintero;PRIMERA INFANCIA;1
12;40;1;M;carpintero;INFANCIA;1
6;48;1;M;carpintero;ADOLESCENCIA;1
12;48;1;M;carpintero;ADULTEZ;1
12;40;1;F;carpintero;INFANCIA;1
12;48;1;F;carpintero;ADULTEZ;1
12;44;1;F;carpintero;INFANCIA;1
12;42;1;M;carpintero;ADULTEZ;1
12;40;1;F;carpintero;ADULTEZ;1
12;67;1;M;carpintero;JUVENTUD;2
12;50;1;F;carpintero;ADULTEZ;2
10;40;1;M;carpintero;ADULTEZ;1
12;48;1;M;carpintero;ADOLESCENCIA;1
12;48;1;M;carpintero;ADULTEZ;1
12;10;1;F;carpintero;JUVENTUD;1
12;48;1;M;carpintero;VEJEZ;2
12;30;1;F;carpintero;ADULTEZ;1
12;48;1;M;chef;VEJEZ;2
12;40;1;M;chef;ADOLESCENCIA;1
12;50;1;F;chef;JUVENTUD;3
11;60;1;M;chef;ADOLESCENCIA;2
12;70;1;F;chef;ADOLESCENCIA;1
12;48;1;M;chef;JUVENTUD;2
12;56;1;F;chef;ADULTEZ;2
12;48;1;F;chef;ADULTEZ;2
12;48;1;F;chef;ADULTEZ;3
12;70;1;F;chef;ADULTEZ;2
11;40;1;F;chef;VEJEZ;2
12;70;1;F;chef;ADULTEZ;2
10;60;1;M;chef;ADOLESCENCIA;2
12;50;1;M;chef;INFANCIA;2
12;48;1;F;chef;VEJEZ;2
12;48;2;F;chef;ADULTEZ;3
12;48;1;F;chef;JUVENTUD;2
12;48;1;M;chef;JUVENTUD;1
12;84;1;F;chef;VEJEZ;2
12;40;1;F;chef;ADOLESCENCIA;2
12;48;1;M;chef;INFANCIA;2
12;56;1;F;chef;ADULTEZ;2
12;70;1;F;chef;ADULTEZ;2
12;48;1;F;chef;ADULTEZ;2
12;45;1;F;chef;VEJEZ;1
12;24;1;F;chef;JUVENTUD;1
12;84;1;M;chef;JUVENTUD;2
12;48;1;F;chef;INFANCIA;2
12;40;1;F;barbero;VEJEZ;1
12;24;1;M;barbero;ADULTEZ;1
12;21;1;F;barbero;JUVENTUD;1
12;8;1;M;barbero;JUVENTUD;1
12;70;1;F;barbero;ADULTEZ;1
12;54;1;F;barbero;JUVENTUD;1
12;48;1;M;barbero;ADULTEZ;1
7;30;1;F;barbero;ADULTEZ;1
12;65;1;F;barbero;JUVENTUD;2
12;40;1;F;barbero;ADOLESCENCIA;1
12;30;1;F;barbero;VEJEZ;1
12;60;1;F;barbero;JUVENTUD;1
9;56;1;M;barbero;ADOLESCENCIA;2
10;48;1;M;barbero;JUVENTUD;1
12;24;1;F;barbero;VEJEZ;1
12;60;1;F;barbero;INFANCIA;2
12;50;1;F;barbero;ADULTEZ;2
12;84;1;M;barbero;ADULTEZ;2
12;40;1;F;barbero;ADOLESCENCIA;2
12;66;1;F;barbero;ADOLESCENCIA;2
8;70;1;F;barbero;ADULTEZ;2
12;70;1;F;barbero;INFANCIA;1
11;40;1;F;barbero;ADULTEZ;1
12;45;1;M;barbero;INFANCIA;1
12;48;1;M;barbero;ADOLESCENCIA;2
12;15;1;F;barbero;INFANCIA;2
12;18;1;F;barbero;ADOLESCENCIA;1
12;48;1;F;barbero;ADULTEZ;2
12;70;1;M;barbero;ADULTEZ;1
12;50;1;F;barbero;INFANCIA;1
3;20;1;M;barbero;VEJEZ;1
12;20;1;F;barbero;INFANCIA;1
12;48;1;F;barbero;ADULTEZ;1
12;40;1;F;barbero;ADOLESCENCIA;1
10;48;1;M;barbero;ADOLESCENCIA;1
12;48;1;F;barbero;ADOLESCENCIA;2
12;10;1;M;barbero;VEJEZ;1
3;44;1;M;barbero;ADOLESCENCIA;1
12;48;1;M;barbero;JUVENTUD;1
12;70;1;F;barbero;VEJEZ;2
12;30;1;M;barbero;VEJEZ;1
12;72;1;M;barbero;VEJEZ;2
12;20;1;F;barbero;ADOLESCENCIA;1
12;30;1;M;barbero;ADULTEZ;1
12;48;1;M;barbero;ADOLESCENCIA;1
12;42;1;M;barbero;ADULTEZ;1
12;48;1;M;barbero;ADULTEZ;1
12;35;1;F;barbero;VEJEZ;1
12;48;1;M;barbero;JUVENTUD;1
10;60;1;F;barbero;ADULTEZ;1
12;36;1;M;barbero;ADULTEZ;1
12;56;1;M;barbero;ADULTEZ;1
12;60;1;F;barbero;ADULTEZ;1
12;48;1;F;barbero;ADOLESCENCIA;1
12;36;1;F;barbero;ADOLESCENCIA;1
12;40;1;F;barbero;VEJEZ;1
12;48;1;F;barbero;ADULTEZ;1
12;40;1;M;barbero;INFANCIA;4
12;84;1;F;barbero;ADULTEZ;2
6;30;1;M;barbero;INFANCIA;1
12;48;1;M;barbero;ADULTEZ;1
12;40;1;F;barbero;VEJEZ;2
12;60;2;M;barbero;VEJEZ;2
12;40;2;F;barbero;JUVENTUD;1
12;20;1;F;barbero;JUVENTUD;2
12;48;1;M;barbero;ADULTEZ;2
12;36;1;M;barbero;ADULTEZ;1
12;60;1;M;barbero;JUVENTUD;1
12;48;1;M;barbero;VEJEZ;1
12;48;1;M;barbero;VEJEZ;1
6;40;1;F;barbero;ADOLESCENCIA;1
12;60;1;F;barbero;ADULTEZ;1
10;36;1;M;barbero;ADOLESCENCIA;1
12;48;1;F;barbero;ADULTEZ;1
12;48;1;M;barbero;ADULTEZ;2
12;4;1;M;barbero;ADULTEZ;1
12;24;1;F;barbero;ADULTEZ;1
12;48;1;M;barbero;PRIMERA INFANCIA;1
12;40;1;M;barbero;ADULTEZ;1
1;48;1;M;barbero;INFANCIA;1
12;20;1;M;barbero;ADULTEZ;1
12;48;1;F;barbero;JUVENTUD;1
12;60;1;F;barbero;ADULTEZ;1
12;48;1;F;barbero;ADOLESCENCIA;1
12;48;1;M;barbero;PRIMERA INFANCIA;1
5;48;1;F;barbero;VEJEZ;1
12;48;1;F;barbero;VEJEZ;1
12;48;1;M;barbero;JUVENTUD;1
12;48;1;F;barbero;ADULTEZ;1
12;60;1;M;barbero;VEJEZ;1
12;48;1;M;barbero;ADULTEZ;1
12;24;1;M;barbero;VEJEZ;2
6;18;1;F;barbero;JUVENTUD;1
12;40;1;F;barbero;ADULTEZ;1
12;12;1;M;barbero;JUVENTUD;1
12;48;1;M;barbero;PRIMERA INFANCIA;2
12;48;1;F;barbero;ADOLESCENCIA;1
12;24;1;M;barbero;ADULTEZ;1
10;4;1;F;barbero;ADULTEZ;1
12;20;1;M;barbero;ADULTEZ;1
12;50;1;M;barbero;INFANCIA;1
12;50;1;M;barbero;ADOLESCENCIA;1
3;30;1;F;barbero;VEJEZ;1
12;72;1;F;barbero;JUVENTUD;1
12;48;1;F;barbero;VEJEZ;2
12;40;1;F;barbero;ADOLESCENCIA;1
12;30;1;M;barbero;ADULTEZ;1
12;48;1;M;barbero;ADOLESCENCIA;2
12;48;1;M;barbero;ADULTEZ;1
12;30;1;M;barbero;ADOLESCENCIA;1
12;48;1;M;barbero;INFANCIA;1
12;72;1;F;barbero;ADULTEZ;1
12;40;1;F;barbero;ADOLESCENCIA;1
12;72;1;M;barbero;ADOLESCENCIA;1
12;20;1;M;barbero;VEJEZ;1
12;40;1;F;barbero;ADULTEZ;1
12;91;1;M;barbero;INFANCIA;2
10;36;1;F;barbero;VEJEZ;1
12;60;1;F;barbero;ADULTEZ;1
12;48;1;M;barbero;JUVENTUD;1
12;56;1;F;barbero;VEJEZ;1
12;20;1;M;barbero;ADULTEZ;1
12;48;1;M;barbero;ADULTEZ;1
12;50;1;M;barbero;JUVENTUD;1
12;48;1;F;barbero;ADULTEZ;2
12;60;1;F;barbero;ADOLESCENCIA;1
8;20;1;M;barbero;JUVENTUD;1
12;30;1;M;barbero;ADULTEZ;1
12;48;1;M;barbero;ADULTEZ;1
12;48;1;F;barbero;JUVENTUD;1
12;48;1;F;barbero;ADULTEZ;1
12;60;1;M;barbero;ADULTEZ;1
12;42;1;F;barbero;INFANCIA;2
12;42;1;M;barbero;ADULTEZ;1
12;12;1;F;barbero;JUVENTUD;1
3;18;1;F;barbero;ADOLESCENCIA;1
12;84;1;M;barbero;ADULTEZ;1
12;70;1;F;barbero;ADULTEZ;1
12;60;1;F;barbero;ADULTEZ;1
12;42;1;M;barbero;ADOLESCENCIA;1
12;30;1;F;barbero;ADOLESCENCIA;2
12;30;1;F;barbero;JUVENTUD;1
10;40;2;F;barbero;ADULTEZ;1
12;35;2;F;barbero;ADULTEZ;1
12;40;2;F;barbero;ADULTEZ;2
12;60;1;F;barbero;ADULTEZ;2
12;30;1;F;barbero;JUVENTUD;1
12;48;1;F;barbero;ADOLESCENCIA;1
12;40;1;M;barbero;INFANCIA;1
12;70;1;F;barbero;JUVENTUD;1
12;40;1;F;barbero;ADULTEZ;1
12;48;1;F;barbero;ADULTEZ;2
12;84;1;F;barbero;ADULTEZ;2
12;48;1;M;barbero;ADOLESCENCIA;2
12;40;1;M;barbero;ADULTEZ;1
12;50;1;M;barbero;ADOLESCENCIA;1
10;25;1;F;barbero;ADULTEZ;1
12;40;1;M;barbero;ADULTEZ;1
12;60;1;M;barbero;VEJEZ;1
10;60;2;F;barbero;ADULTEZ;1
12;60;2;F;barbero;JUVENTUD;1
12;60;2;M;barbero;VEJEZ;1
12;70;2;M;barbero;ADULTEZ;1
9;70;1;M;barbero;ADULTEZ;1
12;60;1;F;barbero;ADULTEZ;1
12;70;1;F;barbero;ADULTEZ;2
12;15;1;F;barbero;ADOLESCENCIA;1
12;12;1;M;barbero;JUVENTUD;1
12;60;1;M;barbero;JUVENTUD;1
12;70;1;M;barbero;VEJEZ;1
6;30;1;F;barbero;ADULTEZ;1
12;48;1;M;barbero;VEJEZ;1
12;40;1;M;barbero;JUVENTUD;1
12;10;1;M;barbero;ADULTEZ;1
12;24;1;F;barbero;VEJEZ;1
12;48;1;F;barbero;ADULTEZ;1
12;48;1;M;barbero;ADULTEZ;1
12;48;1;M;barbero;JUVENTUD;1
12;48;1;M;barbero;INFANCIA;1
12;48;1;F;barbero;ADULTEZ;1
12;62;1;F;barbero;JUVENTUD;2
12;60;1;F;barbero;ADULTEZ;2
5;50;1;M;barbero;ADULTEZ;1
5;72;1;F;barbero;JUVENTUD;2
12;24;1;F;barbero;JUVENTUD;1
12;56;1;F;barbero;ADOLESCENCIA;2
12;10;1;F;barbero;ADULTEZ;1
10;54;1;F;barbero;ADULTEZ;1
11;48;1;M;barbero;ADULTEZ;1
12;50;1;M;barbero;ADULTEZ;2
12;10;1;M;barbero;INFANCIA;1
10;20;1;F;barbero;ADULTEZ;1
8;54;1;F;barbero;ADULTEZ;2
6;16;1;F;barbero;ADULTEZ;1
6;40;1;M;barbero;ADULTEZ;1
8;10;1;F;barbero;ADOLESCENCIA;1
11;45;1;M;barbero;ADULTEZ;1
12;30;1;M;barbero;ADULTEZ;1
12;38;1;F;barbero;ADULTEZ;1
12;40;1;M;barbero;ADULTEZ;1
12;48;1;F;barbero;INFANCIA;2
12;48;1;M;barbero;ADULTEZ;1
12;70;1;F;barbero;ADULTEZ;1
12;56;1;F;barbero;VEJEZ;1
4;40;1;F;barbero;ADULTEZ;1
12;48;1;F;barbero;ADULTEZ;1
12;48;1;M;barbero;ADULTEZ;1
12;48;1;F;barbero;VEJEZ;2
12;24;1;F;barbero;ADULTEZ;1
12;40;1;M;barbero;ADOLESCENCIA;1
12;49;1;F;barbero;ADOLESCENCIA;1
12;40;1;M;barbero;ADOLESCENCIA;1
12;48;1;F;barbero;ADULTEZ;1
12;14;1;M;barbero;ADULTEZ;1
12;60;1;M;barbero;ADULTEZ;1
9;40;1;M;barbero;ADULTEZ;1
12;10;2;M;barbero;ADULTEZ;1
12;5;1;F;barbero;ADULTEZ;1
12;40;1;F;barbero;VEJEZ;1
12;48;2;F;barbero;JUVENTUD;1
12;25;2;M;barbero;ADOLESCENCIA;1
12;48;1;F;barbero;VEJEZ;1
12;24;1;M;barbero;ADULTEZ;1
12;42;1;M;barbero;ADOLESCENCIA;2
12;48;1;F;barbero;ADULTEZ;1
12;40;1;F;barbero;ADOLESCENCIA;1
12;48;1;M;barbero;INFANCIA;1
12;60;1;F;barbero;ADULTEZ;1
12;30;1;F;barbero;VEJEZ;1
12;40;1;M;barbero;ADULTEZ;1
12;50;1;M;barbero;INFANCIA;1
12;42;1;F;barbero;ADULTEZ;1
12;60;1;F;barbero;ADULTEZ;1
12;38;1;M;barbero;INFANCIA;1
12;30;1;M;barbero;ADULTEZ;1
12;48;1;F;barbero;ADULTEZ;1
12;48;1;M;barbero;INFANCIA;1
12;40;1;M;barbero;INFANCIA;1
12;15;1;M;barbero;ADULTEZ;1
12;60;1;M;barbero;ADOLESCENCIA;1
12;2;1;M;barbero;ADULTEZ;1
12;20;1;F;barbero;VEJEZ;1
12;20;1;F;barbero;ADULTEZ;1
12;60;1;F;barbero;ADULTEZ;2
12;48;1;M;barbero;ADOLESCENCIA;1
12;60;1;F;barbero;INFANCIA;1
12;16;1;F;barbero;JUVENTUD;1
12;40;1;M;barbero;ADULTEZ;1
12;30;1;M;barbero;JUVENTUD;1
12;48;1;F;barbero;INFANCIA;2
12;60;1;F;barbero;ADULTEZ;1
12;60;1;M;barbero;ADULTEZ;1
12;30;1;M;barbero;ADOLESCENCIA;1
12;40;1;M;barbero;INFANCIA;1
12;40;1;F;barbero;ADULTEZ;1
12;12;1;F;barbero;ADOLESCENCIA;1
8;10;1;F;barbero;ADULTEZ;1
12;66;1;M;barbero;VEJEZ;1
12;40;1;F;barbero;JUVENTUD;2
12;40;1;F;barbero;ADOLESCENCIA;1
4;24;1;F;barbero;INFANCIA;1
12;48;1;F;barbero;VEJEZ;2
12;42;1;M;barbero;JUVENTUD;1
12;40;1;F;barbero;ADULTEZ;1
12;40;1;F;barbero;JUVENTUD;1
6;48;1;M;barbero;ADULTEZ;1
12;48;1;F;barbero;ADULTEZ;2
2;54;1;M;barbero;ADULTEZ;1
12;50;1;M;barbero;ADOLESCENCIA;1
12;48;1;F;barbero;JUVENTUD;1
12;70;1;F;barbero;ADULTEZ;1
12;48;1;M;barbero;ADULTEZ;1
12;10;1;F;barbero;ADULTEZ;1
12;39;1;M;barbero;VEJEZ;1
12;48;1;F;barbero;JUVENTUD;1
12;35;1;F;barbero;ADULTEZ;1
12;70;1;F;barbero;JUVENTUD;1
12;48;1;F;barbero;ADULTEZ;1
12;48;1;M;barbero;ADULTEZ;1
10;30;1;F;barbero;JUVENTUD;1
12;40;1;F;barbero;ADULTEZ;1
10;48;1;F;barbero;JUVENTUD;1
12;48;1;F;barbero;VEJEZ;1
12;60;1;F;barbero;ADULTEZ;2
12;50;1;M;barbero;VEJEZ;2
12;48;1;M;barbero;INFANCIA;1
12;72;1;M;barbero;ADULTEZ;1
4;60;1;M;barbero;ADULTEZ;1
12;60;1;F;barbero;VEJEZ;1
12;48;1;F;barbero;ADULTEZ;1
12;30;1;F;barbero;VEJEZ;1
12;48;1;M;barbero;VEJEZ;1
12;48;1;F;barbero;VEJEZ;1
12;20;1;F;barbero;ADULTEZ;1
12;40;1;F;barbero;JUVENTUD;1
12;70;1;M;barbero;VEJEZ;1
12;48;1;M;barbero;ADOLESCENCIA;1
3;42;1;M;barbero;ADOLESCENCIA;1
12;40;1;F;barbero;ADOLESCENCIA;1
12;48;1;M;barbero;ADULTEZ;1
12;48;1;F;barbero;VEJEZ;1
12;12;1;F;barbero;ADULTEZ;1
12;40;1;F;barbero;ADULTEZ;1
12;5;1;F;barbero;INFANCIA;1
1;45;1;F;barbero;JUVENTUD;1
12;40;1;F;barbero;JUVENTUD;2
12;72;1;M;barbero;INFANCIA;2
12;50;1;M;barbero;VEJEZ;2
12;22;1;M;barbero;ADULTEZ;2
12;40;1;M;barbero;ADULTEZ;1
6;48;1;M;barbero;INFANCIA;2
12;15;1;F;barbero;ADULTEZ;1
12;48;1;M;barbero;ADULTEZ;1
12;60;1;M;barbero;VEJEZ;3
12;20;2;M;barbero;ADULTEZ;1
12;42;1;M;basurero;VEJEZ;1
12;50;1;F;basurero;ADULTEZ;1
12;70;1;M;basurero;ADOLESCENCIA;1
1;48;1;M;basurero;ADOLESCENCIA;1
12;9;1;F;basurero;ADOLESCENCIA;1
12;48;1;F;basurero;ADOLESCENCIA;1
12;72;1;F;basurero;INFANCIA;2
12;21;1;M;basurero;ADULTEZ;1
12;60;1;M;basurero;ADULTEZ;1
12;60;1;M;basurero;JUVENTUD;1
9;35;1;M;basurero;ADULTEZ;1
12;38;1;M;basurero;ADULTEZ;1
12;40;1;F;basurero;ADULTEZ;1
12;48;1;F;basurero;ADULTEZ;1
12;48;1;M;basurero;JUVENTUD;1
12;84;1;F;basurero;INFANCIA;1
12;84;1;F;basurero;INFANCIA;1
12;60;1;M;basurero;ADULTEZ;1
12;84;1;F;basurero;ADULTEZ;1
12;36;1;F;basurero;ADULTEZ;1
12;48;1;F;basurero;VEJEZ;2
12;48;1;M;basurero;ADULTEZ;1
12;56;1;F;basurero;ADULTEZ;1
12;30;1;F;basurero;ADULTEZ;1
10;48;1;F;basurero;VEJEZ;1
12;12;1;F;basurero;ADULTEZ;1
12;50;1;M;basurero;INFANCIA;1
12;30;1;M;basurero;ADOLESCENCIA;1
12;40;1;F;basurero;INFANCIA;1
12;40;1;F;basurero;VEJEZ;1
12;15;1;M;basurero;ADULTEZ;1
12;48;1;M;basurero;JUVENTUD;1
12;48;1;F;basurero;ADULTEZ;1
12;84;1;M;basurero;ADULTEZ;1
12;84;1;F;basurero;JUVENTUD;1
12;98;1;M;basurero;ADULTEZ;1
6;40;1;M;basurero;ADULTEZ;1
12;42;1;F;basurero;ADULTEZ;1
12;40;1;M;basurero;ADULTEZ;1
6;20;1;M;basurero;ADULTEZ;1
12;30;1;F;basurero;JUVENTUD;1
12;40;1;F;basurero;PRIMERA INFANCIA;1
12;30;1;M;basurero;VEJEZ;1
12;35;1;F;basurero;ADULTEZ;1
12;42;1;F;basurero;ADULTEZ;1
8;24;1;M;basurero;VEJEZ;1
12;36;1;M;basurero;ADULTEZ;1
12;48;1;M;basurero;ADULTEZ;1
12;40;1;M;basurero;JUVENTUD;1
12;20;1;F;basurero;INFANCIA;1
12;40;1;F;basurero;ADULTEZ;1
12;48;1;F;basurero;ADULTEZ;1
12;48;1;F;basurero;ADULTEZ;1
8;30;1;F;basurero;ADOLESCENCIA;1
12;30;1;F;basurero;ADULTEZ;1
12;30;1;F;basurero;ADULTEZ;1
12;48;1;M;basurero;JUVENTUD;5
12;48;1;M;basurero;ADULTEZ;1
12;48;1;F;basurero;ADULTEZ;1
12;48;1;M;basurero;INFANCIA;1
12;36;1;F;basurero;ADULTEZ;1
12;30;1;F;basurero;ADOLESCENCIA;3
12;48;1;M;basurero;INFANCIA;1
12;48;1;F;basurero;ADULTEZ;1
12;30;1;M;basurero;VEJEZ;1
12;20;1;F;basurero;VEJEZ;1
12;42;1;F;basurero;JUVENTUD;1
12;7;1;F;basurero;VEJEZ;1
12;20;1;F;basurero;ADULTEZ;1
12;30;1;M;basurero;ADULTEZ;1
12;56;2;F;basurero;INFANCIA;1
8;30;1;F;basurero;VEJEZ;1
12;25;1;F;basurero;JUVENTUD;1
12;50;1;F;basurero;ADULTEZ;2
12;50;1;F;basurero;ADULTEZ;1
12;48;1;M;basurero;ADULTEZ;1
12;72;1;F;basurero;JUVENTUD;2
12;50;1;M;basurero;INFANCIA;1
2;48;1;F;basurero;VEJEZ;1
12;72;1;F;basurero;ADULTEZ;1
12;48;1;F;basurero;INFANCIA;1
12;40;1;M;basurero;ADULTEZ;1
6;40;1;F;basurero;JUVENTUD;1
12;48;1;F;basurero;INFANCIA;1
12;49;1;F;basurero;ADULTEZ;1
12;35;1;F;basurero;VEJEZ;1
12;70;1;F;basurero;VEJEZ;1
12;48;1;F;basurero;VEJEZ;1
12;20;1;F;basurero;ADULTEZ;1
12;54;1;M;basurero;ADULTEZ;1
12;40;1;F;basurero;ADOLESCENCIA;1
12;28;1;M;basurero;ADULTEZ;1
12;12;2;M;basurero;ADULTEZ;1
12;40;1;F;basurero;ADOLESCENCIA;1
12;48;1;M;basurero;VEJEZ;1
12;60;1;M;basurero;JUVENTUD;1
12;48;1;M;basurero;ADULTEZ;1
12;5;1;M;basurero;ADULTEZ;1
12;40;1;F;basurero;VEJEZ;1
12;40;1;F;basurero;VEJEZ;1
12;40;1;M;basurero;INFANCIA;1
12;52;1;M;basurero;ADULTEZ;1
12;40;1;F;basurero;JUVENTUD;1
12;48;1;M;basurero;VEJEZ;2
12;48;1;F;basurero;ADULTEZ;2
7;20;1;F;basurero;ADULTEZ;1
12;27;1;M;basurero;ADULTEZ;1
12;30;1;F;basurero;VEJEZ;1
12;25;1;F;basurero;ADOLESCENCIA;1
12;40;1;M;basurero;VEJEZ;1
10;40;1;F;basurero;VEJEZ;1
12;48;1;F;basurero;ADULTEZ;1
12;48;1;F;basurero;VEJEZ;1
12;48;1;M;basurero;VEJEZ;1
12;36;1;F;basurero;ADULTEZ;1
12;48;1;F;basurero;ADULTEZ;1
12;3;1;M;basurero;ADULTEZ;1
12;54;1;F;basurero;VEJEZ;1
12;35;1;M;basurero;ADULTEZ;1
12;40;1;F;basurero;VEJEZ;1
12;42;1;M;basurero;VEJEZ;1
12;12;1;M;basurero;ADULTEZ;1
12;35;1;M;basurero;JUVENTUD;1
12;48;1;M;basurero;ADULTEZ;1
12;30;1;F;basurero;ADULTEZ;1
12;45;1;M;basurero;JUVENTUD;1
12;10;1;F;basurero;ADULTEZ;1
12;10;1;F;basurero;ADULTEZ;1
12;40;1;M;basurero;ADULTEZ;1
12;50;1;M;basurero;ADULTEZ;1
12;20;1;F;basurero;ADULTEZ;1
12;15;1;M;basurero;VEJEZ;1
12;20;1;M;basurero;ADULTEZ;1
12;40;1;F;basurero;JUVENTUD;1
12;55;1;M;basurero;ADULTEZ;1
12;40;1;M;basurero;ADULTEZ;1
12;12;1;M;basurero;ADULTEZ;1
3;20;1;M;basurero;JUVENTUD;1
12;40;1;M;basurero;JUVENTUD;1
12;48;1;M;basurero;INFANCIA;1
12;40;1;M;basurero;INFANCIA;1
12;40;1;F;basurero;ADULTEZ;1
9;48;1;F;basurero;ADULTEZ;2
12;60;1;M;basurero;JUVENTUD;1
12;60;1;M;basurero;VEJEZ;1
11;60;1;M;basurero;ADULTEZ;1
12;20;1;M;basurero;JUVENTUD;1
12;40;1;M;basurero;JUVENTUD;1
12;60;1;M;basurero;ADULTEZ;1
12;60;1;F;basurero;JUVENTUD;1
12;65;1;F;basurero;VEJEZ;1
12;30;1;F;basurero;ADULTEZ;1
12;40;1;M;basurero;VEJEZ;1
12;48;1;F;basurero;VEJEZ;2
12;32;1;F;basurero;ADULTEZ;1
12;48;1;M;basurero;ADULTEZ;1
12;35;1;F;basurero;ADULTEZ;1
12;48;1;M;basurero;ADULTEZ;1
1;25;1;M;basurero;ADULTEZ;1
12;42;1;F;basurero;ADULTEZ;1
12;28;1;F;basurero;JUVENTUD;1
12;36;2;F;basurero;INFANCIA;1
12;50;2;M;basurero;ADULTEZ;1
12;40;1;F;basurero;ADULTEZ;1
12;48;1;F;secretario;ADOLESCENCIA;1
11;45;1;M;secretario;ADOLESCENCIA;1
12;40;1;F;secretario;ADULTEZ;2
12;48;1;M;secretario;JUVENTUD;5
12;30;1;F;secretario;ADULTEZ;1
12;48;1;F;secretario;ADULTEZ;1
12;40;1;M;secretario;ADULTEZ;2
12;48;1;F;secretario;ADULTEZ;2
12;48;1;F;secretario;VEJEZ;1
12;48;1;F;secretario;ADOLESCENCIA;2
12;48;1;M;secretario;VEJEZ;2
12;48;1;F;secretario;ADULTEZ;2
12;48;1;F;secretario;ADULTEZ;2
12;48;1;M;secretario;JUVENTUD;1
11;40;1;M;secretario;JUVENTUD;3
12;48;1;M;secretario;VEJEZ;1
12;48;1;F;secretario;ADULTEZ;1
12;48;1;M;secretario;JUVENTUD;2
12;48;1;M;secretario;VEJEZ;1
12;48;1;M;secretario;ADOLESCENCIA;1
6;48;1;M;secretario;ADULTEZ;1
7;40;1;F;secretario;JUVENTUD;2
12;40;1;M;secretario;ADULTEZ;2
12;48;1;M;secretario;ADOLESCENCIA;2
12;40;1;M;secretario;INFANCIA;2
10;44;1;M;secretario;ADULTEZ;2
10;35;1;F;secretario;ADULTEZ;2
12;48;1;F;secretario;VEJEZ;2
12;48;1;M;secretario;ADULTEZ;1
12;48;1;F;secretario;ADULTEZ;3
12;60;1;M;secretario;ADULTEZ;5
12;48;2;M;secretario;VEJEZ;1
11;48;2;F;secretario;ADULTEZ;1
12;48;1;F;secretario;JUVENTUD;1
12;48;1;M;secretario;JUVENTUD;2
12;40;1;F;secretario;ADOLESCENCIA;2
12;48;1;M;secretario;ADULTEZ;2
2;45;1;F;secretario;ADULTEZ;1
12;48;1;M;secretario;ADULTEZ;1
2;48;1;F;secretario;JUVENTUD;1
12;48;1;F;secretario;ADULTEZ;1
10;48;1;F;secretario;INFANCIA;3
12;48;1;M;secretario;ADOLESCENCIA;4
12;48;1;F;secretario;ADOLESCENCIA;4
12;48;1;M;secretario;ADOLESCENCIA;2
12;40;1;M;secretario;ADULTEZ;1
12;48;1;M;secretario;ADULTEZ;2
12;40;1;M;secretario;VEJEZ;2
12;48;1;M;secretario;ADULTEZ;4
12;48;1;M;secretario;ADULTEZ;1
10;48;1;M;secretario;INFANCIA;1
12;48;1;F;secretario;ADULTEZ;2
12;48;1;F;secretario;ADULTEZ;2
12;45;1;M;secretario;ADULTEZ;2
12;48;1;F;secretario;VEJEZ;1
12;48;1;F;secretario;ADULTEZ;1
12;70;1;F;secretario;ADULTEZ;2
12;48;1;M;secretario;ADOLESCENCIA;2
12;48;1;F;secretario;VEJEZ;2
12;32;1;M;secretario;VEJEZ;1
10;48;1;M;secretario;ADULTEZ;2
12;48;1;F;secretario;ADULTEZ;2
12;48;1;M;secretario;ADULTEZ;2
12;48;1;F;secretario;ADULTEZ;2
12;48;1;F;secretario;ADULTEZ;2
12;48;1;F;secretario;ADOLESCENCIA;2
12;49;1;M;secretario;VEJEZ;2
12;48;1;M;secretario;ADULTEZ;2
12;40;1;M;secretario;ADULTEZ;2
12;48;1;F;secretario;ADULTEZ;3
12;48;1;M;secretario;JUVENTUD;1
12;48;1;F;secretario;ADULTEZ;2
12;40;1;F;secretario;ADULTEZ;2
12;40;1;F;secretario;ADULTEZ;2
12;48;1;F;secretario;JUVENTUD;3
12;30;1;F;secretario;ADULTEZ;1
6;48;1;F;secretario;ADULTEZ;2
12;40;1;M;secretario;ADULTEZ;1
12;40;1;F;secretario;JUVENTUD;1
12;48;1;M;secretario;ADOLESCENCIA;5
12;40;1;F;secretario;ADULTEZ;3
12;40;1;F;secretario;VEJEZ;3
12;55;1;M;secretario;VEJEZ;2
12;48;1;M;secretario;ADULTEZ;2
12;40;1;M;secretario;ADULTEZ;5
12;48;1;F;secretario;ADULTEZ;1
11;40;1;F;secretario;ADULTEZ;2
12;48;1;F;secretario;ADULTEZ;4
12;48;1;F;secretario;ADULTEZ;2
12;40;1;M;secretario;ADULTEZ;1
12;40;1;M;secretario;VEJEZ;2
12;48;1;F;secretario;VEJEZ;2
12;48;1;M;secretario;VEJEZ;2
12;48;1;F;secretario;VEJEZ;1
12;48;1;M;secretario;ADULTEZ;2
12;40;2;M;secretario;ADULTEZ;2
12;44;2;F;secretario;VEJEZ;3
6;48;1;M;secretario;VEJEZ;1
12;48;1;M;secretario;JUVENTUD;3
12;48;1;M;secretario;ADULTEZ;2
12;48;1;M;secretario;JUVENTUD;2
12;48;1;F;secretario;ADULTEZ;1
12;48;1;F;secretario;ADULTEZ;2
9;40;1;F;secretario;ADOLESCENCIA;1
12;48;1;F;secretario;ADULTEZ;1
12;40;1;M;secretario;ADOLESCENCIA;2
12;40;1;M;secretario;ADULTEZ;2
12;44;1;F;secretario;VEJEZ;1
11;48;1;M;secretario;ADULTEZ;1
11;48;1;F;secretario;JUVENTUD;1
12;40;1;M;secretario;ADULTEZ;2
12;48;2;F;secretario;ADULTEZ;2
12;40;2;M;secretario;ADULTEZ;2
2;48;2;M;secretario;ADULTEZ;1
6;48;2;F;secretario;VEJEZ;1
12;48;1;F;secretario;ADOLESCENCIA;2
12;48;1;F;secretario;ADULTEZ;1
3;48;1;F;secretario;VEJEZ;1
12;40;1;M;secretario;ADULTEZ;2
12;48;1;F;secretario;VEJEZ;2
12;48;1;M;secretario;VEJEZ;1
12;48;1;M;secretario;VEJEZ;2
12;48;1;M;secretario;VEJEZ;2
12;48;1;M;secretario;ADULTEZ;1
12;48;1;F;secretario;ADULTEZ;3
11;48;1;M;secretario;VEJEZ;2
12;40;1;F;secretario;VEJEZ;3
12;48;1;M;secretario;ADULTEZ;3
11;40;1;F;secretario;ADULTEZ;2
12;48;1;M;secretario;ADULTEZ;1
12;48;1;F;secretario;VEJEZ;1
12;48;1;F;secretario;VEJEZ;2
12;48;1;F;secretario;VEJEZ;2
5;48;1;F;secretario;JUVENTUD;2
7;48;1;M;secretario;INFANCIA;1
12;40;1;F;secretario;JUVENTUD;3
12;48;1;F;secretario;ADULTEZ;1
12;48;1;M;secretario;VEJEZ;1
12;40;2;M;secretario;VEJEZ;2
12;45;1;M;secretario;ADOLESCENCIA;3
12;35;2;M;secretario;INFANCIA;2
12;48;2;F;secretario;VEJEZ;3
12;48;1;M;secretario;VEJEZ;2
12;48;1;F;secretario;ADULTEZ;1
12;48;1;M;secretario;ADULTEZ;2
12;24;1;M;secretario;ADULTEZ;1
1;48;1;M;secretario;ADULTEZ;3
12;48;1;F;secretario;ADOLESCENCIA;2
12;48;1;F;secretario;ADULTEZ;2
12;48;1;F;secretario;ADULTEZ;1
12;40;1;M;secretario;JUVENTUD;3
12;48;1;F;secretario;INFANCIA;1
12;48;1;F;secretario;ADULTEZ;1
12;40;1;F;secretario;ADOLESCENCIA;1
12;48;1;F;secretario;ADULTEZ;1
8;48;1;M;secretario;ADULTEZ;1
12;48;1;F;secretario;INFANCIA;4
12;40;1;F;secretario;JUVENTUD;4
12;48;1;F;secretario;ADOLESCENCIA;2
12;45;1;M;secretario;ADULTEZ;2
4;48;1;M;secretario;VEJEZ;1
12;40;1;M;secretario;ADULTEZ;3
10;48;1;F;secretario;ADULTEZ;1
12;48;1;M;secretario;VEJEZ;2
12;50;1;F;secretario;ADULTEZ;2
12;48;1;F;secretario;ADULTEZ;2
12;48;1;F;secretario;ADULTEZ;2
12;48;1;F;secretario;ADULTEZ;1
12;40;1;F;secretario;ADULTEZ;2
12;48;1;M;secretario;ADULTEZ;2
11;48;1;M;secretario;INFANCIA;1
12;40;1;F;secretario;ADULTEZ;2
2;24;1;M;secretario;ADULTEZ;1
12;48;1;M;secretario;ADULTEZ;1
12;48;1;F;secretario;VEJEZ;2
12;48;1;F;secretario;ADULTEZ;1
12;48;1;F;secretario;ADULTEZ;1
12;48;1;F;secretario;JUVENTUD;1
5;46;1;F;secretario;ADULTEZ;2
12;48;1;F;secretario;ADULTEZ;1
12;48;1;F;secretario;JUVENTUD;1
12;48;1;M;secretario;ADULTEZ;2
12;55;1;M;secretario;ADULTEZ;2
11;48;1;M;secretario;ADOLESCENCIA;1
1;48;1;F;secretario;ADOLESCENCIA;2
12;48;1;M;secretario;ADULTEZ;2
12;40;1;F;secretario;ADULTEZ;2
12;48;1;M;secretario;ADULTEZ;1
12;48;1;M;secretario;ADOLESCENCIA;1
2;40;1;F;secretario;ADULTEZ;1
12;40;2;M;secretario;VEJEZ;1
12;48;1;M;secretario;ADULTEZ;2
12;40;1;M;conserje;ADULTEZ;2
12;48;1;F;conserje;ADULTEZ;2
12;48;1;M;conserje;ADOLESCENCIA;1
8;70;1;M;conserje;ADOLESCENCIA;1
12;60;1;M;abad;ADULTEZ;1
12;50;1;F;abad;VEJEZ;4
12;60;1;F;abad;INFANCIA;4
5;24;1;M;abad;ADULTEZ;1
12;48;1;M;abad;ADOLESCENCIA;2
12;56;1;F;abad;JUVENTUD;1
12;70;1;F;abad;ADULTEZ;2
12;48;1;M;abad;ADULTEZ;3
12;40;1;M;abad;ADULTEZ;1
12;40;1;F;abad;INFANCIA;1
12;46;1;M;abad;ADULTEZ;4
12;28;1;F;abad;VEJEZ;1
12;30;1;F;abad;ADULTEZ;1
12;50;1;F;abad;ADULTEZ;2
12;50;1;F;abad;ADULTEZ;2
12;48;1;F;abad;ADULTEZ;4
12;48;1;M;abad;ADULTEZ;3
12;60;2;M;abad;INFANCIA;3
12;40;1;F;abad;ADULTEZ;1
12;60;1;F;abad;ADULTEZ;1
12;48;1;F;abad;ADOLESCENCIA;2
12;48;1;F;abad;VEJEZ;3
12;48;1;M;abad;ADULTEZ;2
12;100;1;F;abad;JUVENTUD;3
12;5;1;M;abad;VEJEZ;1
12;48;1;F;abad;VEJEZ;2
12;50;1;F;apuntador;VEJEZ;5
12;48;1;M;apuntador;JUVENTUD;1
12;20;1;F;apuntador;ADULTEZ;1
12;15;1;F;apuntador;ADULTEZ;1
6;30;2;F;apuntador;ADOLESCENCIA;1
12;40;1;F;apuntador;ADULTEZ;2
12;54;1;F;apuntador;ADULTEZ;1
12;48;1;F;apuntador;JUVENTUD;1
12;30;1;F;apuntador;ADULTEZ;1
12;30;1;F;apuntador;INFANCIA;1
12;20;1;M;apuntador;INFANCIA;1
12;60;1;F;cantero;ADOLESCENCIA;3
12;84;1;F;cantero;ADULTEZ;4
12;48;1;M;cantero;VEJEZ;1
12;48;1;F;cantero;VEJEZ;1
12;48;1;M;cantero;VEJEZ;1
12;48;1;F;cantero;ADULTEZ;1
12;48;1;F;cantero;ADULTEZ;1
12;24;1;F;cantero;INFANCIA;1
12;60;1;F;cantero;ADOLESCENCIA;2
12;48;1;M;cantero;ADULTEZ;1
12;48;1;F;cantero;VEJEZ;4
12;48;1;M;cantero;INFANCIA;1
12;40;1;F;cantero;VEJEZ;2
12;55;1;M;cantero;JUVENTUD;1
12;42;1;F;cantero;ADULTEZ;2
2;15;2;F;cantero;VEJEZ;1
12;60;2;F;cantero;VEJEZ;1
12;40;2;F;cantero;VEJEZ;1
12;18;2;F;cantero;ADULTEZ;1
12;48;1;F;cantero;ADOLESCENCIA;1
12;48;1;M;cantero;ADULTEZ;2
12;12;1;F;cantero;ADULTEZ;1
12;60;1;M;cantero;VEJEZ;1
12;60;1;F;cantero;ADULTEZ;1
12;40;1;F;cantero;VEJEZ;2
12;48;1;M;cantero;ADULTEZ;1
10;37;1;M;cantero;ADULTEZ;1
12;60;1;M;cantero;ADULTEZ;2
12;30;1;F;cantero;VEJEZ;1
12;48;1;M;cantero;JUVENTUD;1
12;48;1;F;cantero;INFANCIA;1
12;60;1;F;cantero;ADULTEZ;1
12;60;1;F;cantero;JUVENTUD;3
5;60;1;M;cantero;JUVENTUD;2
12;30;1;M;cantero;INFANCIA;1
12;40;1;M;alcalde;ADULTEZ;2
12;40;1;F;alcalde;ADULTEZ;2
12;14;1;M;alcalde;ADULTEZ;3
12;48;1;F;alcalde;INFANCIA;5
6;48;1;F;alcalde;VEJEZ;5
12;40;1;F;alcalde;ADULTEZ;5
12;30;1;F;alcalde;JUVENTUD;5
12;10;1;M;alcalde;ADULTEZ;1
12;40;1;F;alcalde;JUVENTUD;2
12;40;1;F;alcalde;ADULTEZ;5
12;60;1;F;alcalde;ADOLESCENCIA;5
12;48;1;M;salvavidas;VEJEZ;3
12;48;1;F;salvavidas;ADULTEZ;2
12;40;1;M;salvavidas;ADULTEZ;2
7;48;1;F;salvavidas;ADULTEZ;2
11;48;1;M;salvavidas;VEJEZ;2
12;48;1;M;salvavidas;VEJEZ;2
12;56;1;F;salvavidas;ADOLESCENCIA;2
12;40;1;M;actor;ADULTEZ;2
12;84;1;F;actor;JUVENTUD;2
12;30;1;F;actor;ADULTEZ;1
12;62;1;F;actor;INFANCIA;1
12;48;1;F;ambientalista;ADULTEZ;5
11;40;1;M;ambientalista;VEJEZ;3
5;48;1;M;ambientalista;INFANCIA;4
12;40;1;F;ambientalista;VEJEZ;4
12;48;1;M;ambientalista;ADULTEZ;3
12;48;1;M;ambientalista;ADULTEZ;2
12;10;1;F;ambientalista;VEJEZ;1
12;48;1;F;ambientalista;INFANCIA;5
12;48;1;M;ambientalista;ADULTEZ;4
12;48;1;M;ambientalista;VEJEZ;4
12;60;1;M;ambientalista;ADULTEZ;5
12;48;1;F;ambientalista;ADULTEZ;4
12;48;1;F;aparejador;ADULTEZ;1
10;48;1;F;aparejador;VEJEZ;1
12;48;1;M;aparejador;ADULTEZ;1
12;48;1;M;aparejador;ADULTEZ;1
12;48;1;M;aparejador;ADOLESCENCIA;1
12;20;1;F;aparejador;VEJEZ;1
12;48;1;F;aparejador;ADULTEZ;1
12;42;1;M;aparejador;INFANCIA;2
8;30;1;F;aparejador;ADULTEZ;1
12;48;1;F;aparejador;VEJEZ;3
