WEEKLY HOURS WORKED;SALARY;SEX;AGE;OCCUPATION
35;600000.0;M;51;arriero
32;250000.0;F;15;arriero
60;1000000.0;M;6;arriero
50;1000000.0;M;50;arriero
48;1160000.0;F;5;arriero
54;1150000.0;F;62;arriero
54;800000.0;F;27;arriero
40;900000.0;M;35;arriero
40;580000.0;M;34;arriero
50;800000.0;F;50;arriero
50;900000.0;M;49;arriero
40;320000.0;F;50;arriero
42;200000.0;F;28;arriero
28;650000.0;M;65;arriero
15;150000.0;M;54;arriero
48;1160000.0;F;55;arriero
42;750000.0;F;50;arriero
20;500000.0;F;53;arriero
50;400000.0;F;88;arriero
70;1420000.0;F;9;arriero
72;1650000.0;F;13;arriero
50;1230000.0;F;23;arriero
48;1150000.0;M;50;arriero
40;900000.0;M;38;arriero
48;900000.0;M;29;arriero
15;50000.0;F;62;arriero
28;200000.0;F;56;arriero
40;300000.0;M;12;arriero
48;1360000.0;F;55;arriero
48;2000000.0;F;22;arriero
50;500000.0;F;53;arriero
30;400000.0;F;28;arriero
50;1000000.0;F;23;arriero
48;1160000.0;M;50;arriero
48;1520000.0;F;53;arriero
48;1210000.0;F;24;arriero
40;350000.0;F;14;arriero
40;400000.0;M;10;arriero
48;1330000.0;F;16;arriero
56;1260000.0;M;51;arriero
54;1340000.0;M;24;arriero
70;800000.0;F;9;arriero
50;1000000.0;F;80;arriero
30;260000.0;F;40;arriero
34;300000.0;F;41;arriero
32;300000.0;M;9;arriero
70;980000.0;M;37;arriero
60;1160000.0;F;20;arriero
40;580000.0;F;5;arriero
48;840000.0;F;60;arriero
42;1310000.0;M;86;arriero
14;100000.0;M;82;arriero
21;360000.0;F;70;arriero
55;1050000.0;F;54;arriero
55;1200000.0;F;69;arriero
40;800000.0;F;28;arriero
16;114000.0;F;48;arriero
36;950000.0;M;11;arriero
48;930000.0;M;39;arriero
40;500000.0;F;16;arriero
48;840000.0;M;25;arriero
48;2100000.0;F;21;arriero
70;1200000.0;M;37;arriero
50;1000000.0;F;50;arriero
50;800000.0;M;36;arriero
48;1450000.0;M;32;arriero
48;1060000.0;M;22;arriero
48;960000.0;M;31;arriero
49;650000.0;F;47;arriero
28;500000.0;F;39;arriero
48;800000.0;M;6;arriero
48;800000.0;F;43;arriero
42;300000.0;F;40;arriero
20;300000.0;M;24;arriero
48;1500000.0;F;29;arriero
40;900000.0;F;30;arriero
49;1300000.0;M;26;arriero
49;1200000.0;F;74;arriero
50;1400000.0;F;16;arriero
24;300000.0;F;76;arriero
56;1450000.0;F;64;arriero
54;2300000.0;M;27;arriero
24;350000.0;F;55;arriero
24;400000.0;M;29;arriero
44;1500000.0;M;5;arriero
48;1160000.0;F;25;arriero
40;750000.0;F;79;arriero
24;480000.0;F;54;arriero
50;650000.0;M;13;arriero
50;1160000.0;F;80;arriero
48;1160000.0;F;44;arriero
48;1150000.0;F;17;arriero
70;1750000.0;F;36;arriero
48;1200000.0;F;25;arriero
48;1800000.0;M;80;arriero
48;620000.0;M;14;arriero
48;720000.0;M;59;arriero
40;480000.0;F;47;arriero
48;480000.0;M;15;arriero
40;300000.0;M;12;arriero
44;1050000.0;F;32;arriero
56;800000.0;M;5;arriero
40;400000.0;M;19;arriero
56;1460000.0;M;28;arriero
40;1950000.0;F;7;arriero
48;1200000.0;F;64;arriero
50;1200000.0;F;28;arriero
45;1500000.0;M;35;arriero
60;1200000.0;M;8;arriero
55;1200000.0;F;53;arriero
50;1560000.0;M;23;arriero
24;1500000.0;M;17;arriero
24;950000.0;F;44;arriero
40;950000.0;F;29;arriero
40;900000.0;F;7;arriero
50;1160000.0;F;8;arriero
48;200000.0;F;57;arriero
54;180000.0;M;19;arriero
20;160000.0;F;12;cocinero
30;450000.0;M;29;cocinero
10;100000.0;F;45;cocinero
60;1500000.0;F;70;cocinero
48;1160000.0;M;5;cocinero
40;800000.0;F;50;cocinero
40;800000.0;F;10;cocinero
56;800000.0;F;61;cocinero
32;160000.0;F;63;cocinero
48;2000000.0;M;17;cocinero
60;750000.0;M;47;cocinero
15;200000.0;M;6;cocinero
48;1000000.0;F;58;cocinero
46;150000.0;F;14;cocinero
56;1206000.0;M;52;cocinero
77;800000.0;M;61;cocinero
60;800000.0;F;51;cocinero
28;300000.0;F;66;cocinero
60;1080000.0;F;9;cocinero
50;800000.0;F;27;cocinero
48;1160000.0;M;16;cocinero
72;1448000.0;M;58;cocinero
54;940000.0;M;22;cocinero
30;150000.0;F;31;cocinero
48;1160000.0;M;58;cocinero
48;1160000.0;M;53;cocinero
24;800000.0;M;50;cocinero
72;1000000.0;F;21;cocinero
48;1100000.0;F;42;cocinero
48;600000.0;M;23;cocinero
48;960000.0;M;59;cocinero
56;1040000.0;M;51;cocinero
9;250000.0;F;63;cocinero
30;150000.0;M;20;cocinero
30;200000.0;F;44;cocinero
10;100000.0;F;80;cocinero
60;700000.0;M;19;cocinero
50;800000.0;M;28;cocinero
48;1950000.0;F;21;cocinero
60;1400000.0;F;32;cocinero
98;1000000.0;F;13;cocinero
50;1000000.0;F;26;cocinero
36;300000.0;M;12;cocinero
48;1660000.0;M;26;cocinero
66;1360000.0;M;40;cocinero
48;1540000.0;M;14;cocinero
48;1600000.0;M;12;cocinero
48;1500000.0;F;88;cocinero
25;100000.0;M;75;cocinero
20;420000.0;M;37;cocinero
45;800000.0;M;34;cocinero
48;200000.0;F;27;cocinero
16;240000.0;M;24;cocinero
48;1000000.0;F;39;cocinero
24;300000.0;F;40;cocinero
21;500000.0;M;32;cocinero
84;1000000.0;F;34;cocinero
48;900000.0;F;59;cocinero
50;800000.0;F;70;cocinero
48;1150000.0;M;11;cocinero
40;300000.0;F;88;cocinero
105;1800000.0;F;33;cocinero
54;600000.0;F;50;cocinero
48;1400000.0;M;39;cocinero
42;1000000.0;F;34;cocinero
60;850000.0;F;45;cocinero
60;900000.0;M;14;cocinero
48;1360000.0;M;29;cocinero
30;30000.0;M;90;cocinero
40;700000.0;M;69;cocinero
40;1100000.0;F;67;cocinero
24;400000.0;F;9;cocinero
48;700000.0;F;69;cocinero
8;40000.0;M;40;cocinero
48;920000.0;F;9;cocinero
30;600000.0;M;30;cocinero
36;950000.0;F;60;cocinero
48;300000.0;F;25;cocinero
60;1500000.0;M;88;cocinero
48;1160000.0;F;60;cocinero
48;1300000.0;M;37;cocinero
60;920000.0;F;9;cocinero
48;1380000.0;F;32;cocinero
48;2050000.0;M;22;cocinero
56;1440000.0;F;68;cocinero
20;150000.0;F;31;cocinero
30;380000.0;M;39;cocinero
70;50000.0;F;13;cocinero
48;450000.0;F;32;cocinero
54;1000000.0;F;12;cocinero
60;1400000.0;M;8;cocinero
54;750000.0;M;5;cocinero
40;700000.0;F;17;cocinero
24;450000.0;M;35;cocinero
54;1200000.0;M;25;cocinero
48;1150000.0;F;15;cocinero
45;1000000.0;M;43;cocinero
40;1200000.0;M;12;cocinero
50;500000.0;M;19;cocinero
25;150000.0;M;39;cocinero
8;120000.0;M;62;cocinero
45;840000.0;M;35;cocinero
20;200000.0;M;37;cocinero
48;800000.0;F;63;cocinero
60;960000.0;M;76;cocinero
48;1160000.0;M;13;cocinero
24;300000.0;F;38;cocinero
8;640000.0;M;19;cocinero
50;1000000.0;F;11;cocinero
60;1560000.0;F;44;cocinero
48;1160000.0;M;40;cocinero
48;960000.0;F;25;cocinero
14;200000.0;F;5;cocinero
16;200000.0;M;55;cocinero
48;1000000.0;F;25;cocinero
20;500000.0;F;59;cocinero
24;400000.0;M;8;cocinero
54;1080000.0;F;35;cocinero
19;200000.0;M;24;cocinero
48;430000.0;F;51;cocinero
48;1160000.0;M;71;cocinero
12;380000.0;M;31;cocinero
40;800000.0;F;12;cocinero
48;1300000.0;M;15;cocinero
24;600000.0;F;54;cocinero
60;770000.0;F;12;cocinero
54;1190000.0;M;16;cocinero
70;25000.0;F;10;cocinero
35;400000.0;M;24;cocinero
60;1480000.0;M;28;cocinero
48;1410000.0;F;60;cocinero
48;1160000.0;M;39;cocinero
48;1300000.0;M;9;cocinero
40;600000.0;F;32;cocinero
42;650000.0;M;41;cocinero
50;230000.0;M;60;cocinero
48;1160000.0;F;48;cocinero
40;400000.0;F;24;cocinero
20;300000.0;M;30;cocinero
48;1200000.0;M;39;cocinero
48;1350000.0;M;46;cocinero
48;1300000.0;M;85;cocinero
48;600000.0;M;11;cocinero
48;1160000.0;F;9;cocinero
60;1400000.0;M;10;cocinero
15;420000.0;M;17;cocinero
48;1160000.0;F;7;cocinero
48;600000.0;F;62;cocinero
16;100000.0;F;18;cocinero
36;1300000.0;F;65;cocinero
20;200000.0;M;74;cocinero
40;800000.0;M;57;cocinero
40;600000.0;M;42;cocinero
38;300000.0;M;82;cocinero
36;450000.0;F;23;cocinero
40;300000.0;M;65;cocinero
12;300000.0;F;40;cocinero
40;600000.0;M;77;cocinero
60;750000.0;M;51;cocinero
48;600000.0;M;17;cocinero
30;800000.0;F;90;cocinero
12;380000.0;M;32;cocinero
50;1400000.0;F;16;cocinero
72;1160000.0;M;70;cocinero
60;1200000.0;M;38;cocinero
24;25000.0;F;58;cocinero
40;150000.0;F;60;cocinero
48;1500000.0;M;14;cocinero
70;900000.0;M;9;cocinero
24;800000.0;M;66;cocinero
48;840000.0;F;31;cocinero
40;1100000.0;M;37;cocinero
70;300000.0;M;34;cocinero
40;690000.0;F;62;cocinero
56;1100000.0;F;35;cocinero
66;1460000.0;F;22;cocinero
55;890000.0;F;28;cocinero
54;1600000.0;M;45;cocinero
70;1260000.0;F;35;cocinero
56;1450000.0;M;32;cocinero
42;280000.0;F;34;cocinero
30;450000.0;M;10;cocinero
48;1450000.0;F;27;cocinero
48;1160000.0;F;14;cocinero
20;400000.0;F;17;cocinero
48;1000000.0;M;30;cocinero
20;250000.0;F;13;cocinero
48;1200000.0;M;29;cocinero
40;300000.0;M;69;cocinero
30;100000.0;F;68;cocinero
70;1160000.0;M;24;cocinero
25;100000.0;F;22;cocinero
48;1116000.0;F;58;cocinero
48;1610000.0;F;74;cocinero
48;1160000.0;M;70;cocinero
48;1450000.0;F;70;cocinero
30;1100000.0;M;16;cocinero
48;1350000.0;F;12;cocinero
60;2450000.0;F;58;cocinero
36;2550000.0;M;14;cocinero
48;1610000.0;F;20;cocinero
10;70000.0;M;70;cocinero
40;1000000.0;F;36;cocinero
24;1190000.0;M;77;cocinero
20;550000.0;F;34;cocinero
40;800000.0;F;81;cocinero
48;960000.0;M;11;cocinero
40;1200000.0;M;29;cocinero
40;700000.0;F;39;cocinero
70;3600000.0;F;59;cocinero
40;1000000.0;F;32;cocinero
50;1000000.0;M;76;cocinero
48;400000.0;F;21;cocinero
24;450000.0;F;64;cocinero
70;900000.0;M;61;cocinero
70;800000.0;M;42;cocinero
42;200000.0;F;54;cocinero
78;600000.0;M;38;cocinero
12;260000.0;M;83;cocinero
48;700000.0;F;53;cocinero
48;1450000.0;F;70;cocinero
55;1400000.0;M;14;cocinero
50;1500000.0;F;6;cocinero
48;1200000.0;F;13;cocinero
40;1020000.0;M;56;cocinero
40;1320000.0;F;29;cocinero
28;740000.0;F;12;cocinero
42;720000.0;M;16;cocinero
7;80000.0;F;50;cocinero
50;1300000.0;F;39;cocinero
48;1000000.0;F;43;cocinero
48;600000.0;M;61;cocinero
40;1000000.0;M;56;cocinero
30;120000.0;F;21;cocinero
21;80000.0;M;59;cocinero
36;650000.0;F;6;cocinero
50;800000.0;M;36;cocinero
48;2500000.0;F;36;cocinero
60;1300000.0;F;66;cocinero
60;1460000.0;F;47;cocinero
48;280000.0;M;6;cocinero
48;900000.0;F;33;cocinero
40;100000.0;M;86;cocinero
25;1200000.0;F;15;cocinero
24;1000000.0;M;45;cocinero
30;985000.0;M;37;cocinero
48;1710000.0;F;46;cocinero
72;1095000.0;F;17;cocinero
35;530000.0;M;56;cocinero
48;1300000.0;F;43;cocinero
48;1300000.0;F;15;cocinero
48;510000.0;F;60;cocinero
48;1160000.0;F;61;cocinero
48;1160000.0;M;86;cocinero
48;1200000.0;M;68;cocinero
70;680000.0;M;40;cocinero
44;780000.0;F;75;cocinero
24;550000.0;F;38;cocinero
40;500000.0;M;50;cocinero
42;300000.0;M;9;cocinero
32;480000.0;M;35;cocinero
24;100000.0;M;29;cocinero
40;1000000.0;M;12;cocinero
48;800000.0;F;15;cocinero
40;800000.0;F;6;cocinero
45;540000.0;M;34;cocinero
40;820000.0;M;62;cocinero
8;70000.0;M;18;cocinero
36;1000000.0;M;13;cocinero
36;1000000.0;F;7;cocinero
42;300000.0;M;53;cocinero
28;300000.0;M;66;cocinero
42;250000.0;M;22;cocinero
45;210000.0;M;48;cocinero
35;60000.0;M;63;cocinero
16;264000.0;F;15;cocinero
70;1340000.0;F;22;cocinero
18;966000.0;F;38;cocinero
84;1210000.0;M;45;cocinero
45;700000.0;F;35;cocinero
48;400000.0;M;36;cocinero
56;1150000.0;M;38;cocinero
60;1600000.0;M;59;cocinero
48;300000.0;M;31;cocinero
12;800000.0;F;26;cocinero
45;300000.0;F;31;cocinero
50;900000.0;F;6;cocinero
48;1300000.0;F;54;cocinero
6;96000.0;M;46;cocinero
42;840000.0;M;29;cocinero
24;600000.0;F;85;cocinero
70;450000.0;M;46;cocinero
48;480000.0;F;26;cocinero
30;400000.0;F;17;cocinero
28;20000.0;M;78;cocinero
40;800000.0;F;6;cocinero
20;200000.0;M;31;cocinero
56;700000.0;M;20;cocinero
54;1000000.0;F;48;cocinero
30;388000.0;F;34;cocinero
40;400000.0;M;16;cocinero
48;1200000.0;F;71;cocinero
48;1440000.0;F;26;cocinero
48;1650000.0;F;53;cocinero
40;500000.0;M;39;cocinero
30;470000.0;M;23;cocinero
40;950000.0;M;6;cocinero
60;900000.0;F;57;cocinero
15;440000.0;M;81;cocinero
30;400000.0;M;30;cocinero
48;1300000.0;F;11;cocinero
50;1160000.0;F;45;cocinero
60;1160000.0;F;38;cocinero
70;300000.0;M;47;cocinero
48;1160000.0;F;40;cocinero
48;2800000.0;F;35;cocinero
60;300000.0;F;48;cocinero
60;720000.0;F;14;cocinero
28;700000.0;F;62;cocinero
70;1960000.0;M;6;cocinero
48;400000.0;F;33;cocinero
21;250000.0;F;14;cocinero
16;200000.0;F;19;cocinero
48;900000.0;F;71;cocinero
48;370000.0;F;9;cocinero
48;800000.0;F;14;cocinero
48;700000.0;M;8;cocinero
48;600000.0;M;40;cocinero
30;180000.0;M;76;cocinero
40;280000.0;F;75;cocinero
35;1000000.0;F;43;cocinero
40;1000000.0;F;40;cocinero
8;260000.0;M;21;cocinero
56;1050000.0;F;40;cocinero
54;1050000.0;M;26;cocinero
60;2080000.0;M;23;cocinero
48;1160000.0;M;28;cocinero
44;288000.0;M;24;cocinero
15;200000.0;F;12;cocinero
66;1560000.0;F;72;cocinero
50;1240000.0;M;5;cocinero
48;840000.0;M;12;cocinero
4;300000.0;F;50;cocinero
38;540000.0;M;53;cocinero
30;400000.0;F;53;cocinero
48;1000000.0;M;20;cocinero
40;340000.0;F;20;cocinero
30;700000.0;F;17;cocinero
60;1200000.0;F;22;cocinero
48;1160000.0;F;46;cocinero
30;460000.0;F;13;cocinero
30;100000.0;F;42;cocinero
10;200000.0;F;49;cocinero
30;600000.0;M;50;cocinero
24;1200000.0;M;15;cocinero
50;900000.0;F;32;cocinero
32;450000.0;F;19;cocinero
30;100000.0;F;48;cocinero
48;920000.0;M;40;cocinero
56;600000.0;M;23;cocinero
20;80000.0;M;29;cocinero
25;325000.0;M;24;cocinero
20;350000.0;F;80;cocinero
40;780000.0;M;49;cocinero
50;1100000.0;F;79;cocinero
48;1650000.0;M;64;cocinero
48;300000.0;F;6;cocinero
30;800000.0;M;17;cocinero
40;640000.0;F;39;cocinero
30;240000.0;F;14;cocinero
48;640000.0;M;21;cocinero
20;520000.0;M;30;cocinero
48;1700000.0;F;32;cocinero
48;900000.0;F;62;cocinero
60;1000000.0;M;23;cocinero
48;650000.0;F;81;cocinero
6;660000.0;F;62;cocinero
18;780000.0;F;6;cocinero
30;444000.0;M;44;cocinero
40;600000.0;F;17;cocinero
48;300000.0;F;37;cocinero
15;50000.0;M;57;cocinero
48;1160000.0;M;66;cocinero
42;1370000.0;F;19;cocinero
72;600000.0;F;58;cocinero
60;1300000.0;F;55;cocinero
60;1200000.0;F;33;cocinero
18;562000.0;M;11;cocinero
30;700000.0;F;66;cocinero
72;920000.0;F;60;cocinero
24;520000.0;M;5;cocinero
24;700000.0;M;7;cocinero
40;1960000.0;F;65;cocinero
10;100000.0;M;43;cocinero
24;560000.0;M;48;cocinero
54;1392000.0;M;6;cocinero
48;2000000.0;F;31;cocinero
56;1160000.0;F;13;cocinero
30;650000.0;F;31;cocinero
40;800000.0;F;25;cocinero
60;1460000.0;F;49;cocinero
48;1200000.0;M;10;cocinero
48;1160000.0;M;30;almacenista
48;1100000.0;M;55;almacenista
48;1300000.0;F;52;almacenista
48;1160000.0;M;54;almacenista
70;1200000.0;F;32;almacenista
48;1200000.0;M;68;almacenista
48;1160000.0;F;25;almacenista
48;1200000.0;F;41;almacenista
56;1700000.0;F;36;almacenista
48;1300000.0;F;82;almacenista
60;1200000.0;F;19;almacenista
48;1800000.0;M;43;almacenista
48;1500000.0;F;67;almacenista
48;1400000.0;F;19;almacenista
48;1800000.0;M;49;almacenista
60;1160000.0;F;77;almacenista
48;2160000.0;F;94;almacenista
60;1118000.0;F;11;almacenista
48;1160000.0;F;47;almacenista
48;1000000.0;F;47;almacenista
48;1160000.0;M;24;almacenista
48;1600000.0;F;25;almacenista
40;2600000.0;F;36;almacenista
60;1160000.0;F;29;almacenista
50;1500000.0;F;67;almacenista
84;3000000.0;F;52;almacenista
50;1160000.0;M;20;almacenista
48;1700000.0;M;26;almacenista
48;1600000.0;F;11;almacenista
48;1160000.0;F;10;almacenista
48;2250000.0;F;60;almacenista
78;1000000.0;F;17;almacenista
48;1500000.0;M;9;almacenista
48;1450000.0;M;15;almacenista
24;400000.0;F;10;almacenista
60;900000.0;F;28;almacenista
48;900000.0;F;25;almacenista
60;1160000.0;F;15;almacenista
48;1160000.0;M;69;almacenista
48;1500000.0;M;14;almacenista
35;1800000.0;F;55;almacenista
48;1300600.0;F;26;almacenista
48;1200000.0;M;11;almacenista
48;1000000.0;F;37;almacenista
60;625000.0;F;26;almacenista
56;1160000.0;M;33;almacenista
48;1160000.0;F;33;almacenista
56;1160000.0;M;11;almacenista
48;1200000.0;F;78;almacenista
48;1000000.0;F;24;almacenista
54;1200000.0;M;35;almacenista
48;1300000.0;M;39;almacenista
48;1000000.0;F;61;almacenista
40;2400000.0;F;56;almacenista
48;1600000.0;F;8;almacenista
48;1400000.0;M;39;almacenista
48;1000000.0;M;69;almacenista
48;1000000.0;F;65;almacenista
48;1000000.0;F;40;almacenista
72;1016000.0;M;81;almacenista
48;1160000.0;F;58;almacenista
48;1300000.0;F;19;almacenista
48;1400000.0;F;26;almacenista
56;1160000.0;F;73;almacenista
48;1300000.0;F;65;almacenista
20;325000.0;M;25;almacenista
55;1325000.0;F;21;almacenista
48;1300000.0;M;70;almacenista
50;1200000.0;F;30;almacenista
48;1500000.0;F;74;almacenista
36;2800000.0;F;56;almacenista
48;1300000.0;F;71;almacenista
48;1300000.0;F;16;almacenista
60;1600000.0;F;49;almacenista
48;1000000.0;M;17;almacenista
48;2000000.0;F;32;almacenista
40;4000000.0;M;43;almacenista
50;1250000.0;F;6;almacenista
48;1160000.0;F;56;almacenista
48;1160000.0;F;66;almacenista
48;1000000.0;M;38;almacenista
48;1160000.0;F;8;almacenista
62;1160000.0;F;19;almacenista
48;1160000.0;F;23;almacenista
48;1400000.0;F;35;almacenista
48;1160000.0;M;31;almacenista
48;1160000.0;M;31;almacenista
48;1300000.0;F;22;almacenista
48;1260000.0;M;42;almacenista
48;1160000.0;F;32;almacenista
48;2500000.0;F;9;almacenista
48;1160000.0;M;23;almacenista
48;1160000.0;F;17;almacenista
48;1160000.0;M;69;almacenista
48;1160000.0;M;29;almacenista
72;1600000.0;F;39;almacenista
48;1100000.0;M;16;almacenista
48;1200000.0;M;65;almacenista
48;1160000.0;F;50;almacenista
48;1200000.0;F;57;almacenista
48;1500000.0;F;40;almacenista
48;1200000.0;M;22;almacenista
48;1500000.0;M;64;almacenista
48;1300000.0;F;37;almacenista
48;1160000.0;F;38;almacenista
48;1160000.0;F;64;almacenista
48;1232000.0;F;30;almacenista
48;1160000.0;M;30;almacenista
48;900000.0;F;56;almacenista
52;1160000.0;F;28;almacenista
40;2200000.0;M;15;almacenista
70;1100000.0;M;37;almacenista
48;1160000.0;M;9;almacenista
48;1300000.0;M;19;almacenista
48;1160000.0;F;47;almacenista
48;1160000.0;F;44;almacenista
48;1600000.0;F;43;almacenista
40;2000000.0;F;35;almacenista
48;900000.0;F;18;almacenista
48;2600000.0;F;46;almacenista
48;1160000.0;M;33;almacenista
40;4000000.0;M;18;almacenista
48;1600000.0;F;13;almacenista
60;1160000.0;M;18;almacenista
48;1300000.0;F;8;almacenista
48;1800000.0;F;9;almacenista
40;1000000.0;M;35;almacenista
50;1500000.0;M;53;almacenista
48;1160000.0;F;13;almacenista
48;1450000.0;F;23;almacenista
48;4000000.0;F;16;almacenista
56;1400000.0;F;22;almacenista
62;1200000.0;F;45;almacenista
48;7200000.0;F;17;almacenista
48;1160000.0;F;38;almacenista
36;450000.0;M;47;almacenista
48;1160000.0;F;41;almacenista
48;1160000.0;M;55;almacenista
48;1350000.0;F;77;almacenista
48;1450000.0;F;8;almacenista
48;1366200.0;F;18;almacenista
48;1520000.0;M;31;almacenista
60;1160000.0;M;42;almacenista
45;4000000.0;F;67;almacenista
48;1300000.0;M;23;almacenista
49;1160000.0;F;25;almacenista
48;1160000.0;F;28;almacenista
48;1000000.0;F;21;almacenista
48;1160000.0;F;68;almacenista
48;1800000.0;F;7;almacenista
48;1160000.0;M;53;almacenista
48;1160000.0;F;56;almacenista
48;1160000.0;M;10;almacenista
48;1300000.0;F;59;almacenista
48;1100000.0;M;29;almacenista
48;1500000.0;F;74;almacenista
48;1300000.0;M;19;almacenista
48;1160000.0;M;11;almacenista
52;1520000.0;F;6;almacenista
48;1160000.0;M;6;almacenista
48;1160000.0;F;30;almacenista
15;300000.0;M;25;almacenista
27;1400000.0;F;18;almacenista
44;1600000.0;M;44;almacenista
48;1160000.0;M;56;almacenista
48;1160000.0;M;14;almacenista
48;1900000.0;M;8;almacenista
48;1160000.0;F;24;almacenista
48;1450000.0;M;61;almacenista
48;1580000.0;M;35;almacenista
48;1160000.0;M;81;almacenista
48;1300000.0;F;21;almacenista
48;1100000.0;M;5;almacenista
48;1300000.0;M;64;almacenista
40;2200000.0;F;63;almacenista
40;1400000.0;M;49;almacenista
48;1160000.0;F;20;almacenista
48;1800000.0;M;18;almacenista
48;1200000.0;F;58;almacenista
48;1160000.0;F;21;almacenista
48;1200000.0;F;46;almacenista
48;2150000.0;M;12;almacenista
16;320000.0;F;12;almacenista
48;1160000.0;M;61;almacenista
66;1450000.0;F;13;almacenista
48;1170000.0;M;17;almacenista
48;1160000.0;M;14;almacenista
48;1800000.0;F;6;almacenista
48;1360000.0;F;11;almacenista
48;1800000.0;F;43;almacenista
48;1160000.0;M;35;almacenista
48;1160000.0;M;17;almacenista
48;1160000.0;M;11;almacenista
48;1160000.0;F;21;almacenista
48;1300000.0;F;16;almacenista
48;1400000.0;M;40;almacenista
48;1160000.0;F;79;almacenista
48;1160000.0;F;30;almacenista
48;1500000.0;F;11;almacenista
48;1160000.0;M;38;almacenista
48;1160000.0;F;78;almacenista
48;1160000.0;M;46;almacenista
62;1500000.0;M;45;almacenista
48;1200000.0;F;67;almacenista
48;1500000.0;F;30;almacenista
40;1200000.0;M;71;almacenista
40;1200000.0;F;72;almacenista
48;1310000.0;F;41;almacenista
48;1160000.0;F;66;almacenista
48;1500000.0;M;42;almacenista
60;1160000.0;F;40;almacenista
50;1160000.0;M;9;almacenista
40;800000.0;M;76;almacenista
40;1920000.0;M;13;almacenista
48;1160000.0;M;9;almacenista
48;1460000.0;F;73;almacenista
48;1300000.0;M;40;almacenista
48;1160000.0;F;8;almacenista
44;1160000.0;F;43;almacenista
48;1160000.0;M;8;almacenista
48;1600000.0;F;38;almacenista
48;1357400.0;M;63;almacenista
48;1126000.0;F;10;almacenista
48;1500000.0;M;57;almacenista
66;1160000.0;M;10;almacenista
48;1160000.0;F;18;almacenista
40;3000000.0;M;55;almacenista
48;1160000.0;F;27;almacenista
48;1160000.0;F;52;almacenista
48;1300000.0;M;27;almacenista
54;1160000.0;M;5;almacenista
48;1300000.0;M;64;almacenista
48;1160000.0;F;53;almacenista
60;1300000.0;F;34;almacenista
48;1160000.0;F;75;almacenista
48;1160000.0;M;33;almacenista
48;1160000.0;M;33;almacenista
48;1200000.0;F;25;almacenista
48;1160000.0;F;35;almacenista
48;1160000.0;M;41;almacenista
48;1160000.0;M;55;almacenista
20;800000.0;F;68;almacenista
40;2450000.0;M;22;almacenista
56;1230000.0;F;52;almacenista
48;1000000.0;F;51;almacenista
48;1160000.0;F;9;almacenista
48;1600000.0;F;56;almacenista
54;1500000.0;M;11;almacenista
48;1540000.0;F;43;almacenista
48;1350000.0;F;31;almacenista
48;800000.0;M;60;almacenista
48;1160000.0;M;58;almacenista
48;2300000.0;F;50;almacenista
40;3900000.0;M;67;almacenista
48;1116000.0;M;57;almacenista
48;1200000.0;F;36;almacenista
48;1260000.0;M;9;almacenista
48;700000.0;M;10;almacenista
46;1300000.0;M;27;almacenista
48;840000.0;M;21;almacenista
48;1160000.0;M;5;almacenista
40;1000000.0;M;52;almacenista
48;1500000.0;F;46;almacenista
40;1450000.0;F;66;almacenista
48;1200000.0;F;55;almacenista
40;1800000.0;M;14;almacenista
48;1200000.0;F;51;almacenista
48;1650000.0;F;58;almacenista
48;1160000.0;F;47;almacenista
48;1160000.0;F;25;almacenista
48;1300000.0;M;27;almacenista
48;3000000.0;M;32;almacenista
48;10000000.0;M;11;almacenista
48;1160000.0;F;9;almacenista
48;1300000.0;M;13;almacenista
48;1300000.0;F;52;almacenista
48;2000000.0;F;57;almacenista
48;1600000.0;M;21;camionero
50;1000000.0;M;33;camionero
48;1000000.0;F;12;camionero
15;500000.0;F;11;camionero
54;1100000.0;M;25;camionero
50;1300000.0;F;17;camionero
45;1160000.0;F;39;camionero
48;1500000.0;M;59;camionero
48;1160000.0;M;27;camionero
60;1000000.0;F;50;camionero
56;2500000.0;F;34;camionero
40;1400000.0;F;36;camionero
60;1500000.0;F;74;camionero
60;2000000.0;F;79;camionero
48;1160000.0;M;46;camionero
15;550000.0;F;11;camionero
60;3000000.0;M;9;camionero
60;1800000.0;M;10;camionero
72;5500000.0;M;60;camionero
60;1200000.0;F;29;camionero
48;1160000.0;M;32;camionero
50;1600000.0;M;40;camionero
40;2500000.0;F;25;camionero
72;1160000.0;F;64;camionero
48;700000.0;F;35;camionero
54;2000000.0;F;11;camionero
20;360000.0;M;9;camionero
45;1100000.0;M;6;camionero
48;1100000.0;M;32;camionero
48;1160000.0;F;29;camionero
48;1500000.0;M;34;camionero
48;1146000.0;F;47;camionero
48;1650000.0;M;66;camionero
48;1200000.0;M;19;camionero
48;800000.0;F;25;camionero
36;2500000.0;F;23;camionero
30;400000.0;F;68;camionero
50;700000.0;M;43;camionero
84;2500000.0;M;50;camionero
40;2000000.0;M;7;camionero
20;500000.0;F;68;camionero
48;1300000.0;M;65;camionero
48;1160000.0;F;41;camionero
48;1160000.0;M;10;camionero
48;1100000.0;F;12;camionero
70;1300000.0;M;60;camionero
48;1160000.0;F;55;camionero
70;1400000.0;F;57;camionero
30;350000.0;F;76;camionero
50;3600000.0;M;19;camionero
48;1300000.0;F;84;camionero
48;1160000.0;F;22;camionero
72;500000.0;F;50;camionero
60;1300000.0;M;20;camionero
48;1160000.0;M;44;camionero
70;1160000.0;F;46;camionero
60;1000000.0;F;33;camionero
60;800000.0;F;56;camionero
48;1500000.0;M;6;camionero
70;1160000.0;F;62;camionero
50;4000000.0;F;22;camionero
48;1160000.0;M;51;camionero
105;1160000.0;F;22;camionero
48;1160000.0;F;11;camionero
40;700000.0;M;47;camionero
108;1200000.0;F;63;camionero
60;1720000.0;M;64;camionero
60;3000000.0;F;94;camionero
60;2000000.0;F;39;camionero
48;1300000.0;M;90;camionero
48;600000.0;M;28;camionero
48;1600000.0;M;67;camionero
50;2000000.0;F;70;camionero
50;2000000.0;F;48;camionero
50;1160000.0;F;56;camionero
48;600000.0;M;6;camionero
50;1000000.0;M;18;camionero
70;1800000.0;F;12;camionero
40;2004000.0;M;65;camionero
48;1100000.0;M;16;camionero
48;1200000.0;F;40;camionero
72;1160000.0;M;31;camionero
50;1900000.0;M;50;camionero
60;1160000.0;M;46;camionero
40;1500000.0;M;74;camionero
48;1500000.0;M;54;camionero
30;350000.0;F;13;camionero
30;1300000.0;F;31;camionero
48;1500000.0;F;70;camionero
40;1300000.0;F;52;camionero
72;1160000.0;M;21;camionero
40;1160000.0;F;62;camionero
48;2000000.0;M;73;camionero
48;1500000.0;M;21;camionero
48;600000.0;F;74;camionero
40;1000000.0;F;25;camionero
50;1000000.0;M;43;camionero
60;1300000.0;M;50;camionero
60;1600000.0;M;63;camionero
50;1000000.0;F;68;camionero
60;900000.0;F;30;camionero
84;1200000.0;M;24;camionero
48;1200000.0;M;29;camionero
16;1000000.0;M;24;camionero
60;1160000.0;F;16;camionero
48;450000.0;F;60;camionero
52;1500000.0;M;22;camionero
50;2500000.0;M;7;camionero
48;1300000.0;F;22;camionero
84;2700000.0;F;32;camionero
36;1800000.0;M;14;camionero
48;2400000.0;F;40;camionero
48;1500000.0;F;57;camionero
48;2000000.0;M;38;camionero
70;1000000.0;F;13;camionero
48;1550000.0;F;56;camionero
48;1160000.0;M;20;camionero
48;1160000.0;M;7;camionero
48;1500000.0;F;57;camionero
48;1800000.0;M;10;camionero
60;2000000.0;F;58;camionero
70;6000000.0;M;41;camionero
48;1160000.0;F;6;camionero
40;800000.0;F;17;camionero
84;1500000.0;F;38;camionero
48;1500000.0;F;73;camionero
48;1500000.0;F;22;camionero
60;2000000.0;F;17;camionero
48;2000000.0;M;38;camionero
48;2500000.0;M;30;camionero
48;4000000.0;M;22;camionero
60;1160000.0;M;29;camionero
50;2000000.0;M;33;camionero
48;1160000.0;F;47;camionero
48;1160000.0;M;14;camionero
48;1500000.0;F;30;camionero
48;1500000.0;M;33;camionero
64;2000000.0;M;17;camionero
48;1160000.0;M;42;camionero
48;1200000.0;F;45;camionero
48;1160000.0;F;62;camionero
60;1160000.0;F;72;camionero
60;1500000.0;F;26;camionero
50;1200000.0;M;27;camionero
60;800000.0;M;7;camionero
48;1000000.0;F;67;camionero
48;1000000.0;F;24;camionero
48;1160000.0;M;26;camionero
75;1500000.0;M;75;camionero
48;1000000.0;F;10;camionero
48;1160000.0;M;7;camionero
48;1200000.0;F;12;camionero
40;600000.0;M;44;camionero
48;2500000.0;F;48;camionero
48;600000.0;M;6;camionero
48;2396000.0;F;39;camionero
60;700000.0;F;22;camionero
62;1000000.0;M;52;camionero
48;1500000.0;M;40;camionero
60;1160000.0;M;11;camionero
40;1200000.0;M;57;camionero
48;1160000.0;F;24;camionero
48;1750000.0;F;14;camionero
48;1560000.0;F;22;camionero
48;1160000.0;M;13;camionero
48;1160000.0;F;11;camionero
48;1000000.0;M;25;camionero
48;1160000.0;F;39;camionero
60;1160000.0;M;29;camionero
50;1300000.0;F;23;camionero
24;850000.0;M;28;camionero
48;1300000.0;M;12;camionero
52;1160000.0;F;33;camionero
48;1200000.0;F;31;camionero
40;1500000.0;M;5;camionero
30;600000.0;F;45;camionero
36;150000.0;F;42;camionero
70;2000000.0;F;44;camionero
48;1160000.0;F;6;camionero
48;200000.0;M;47;camionero
30;150000.0;M;53;camionero
50;1500000.0;M;26;camionero
30;1080000.0;M;7;camionero
48;1200000.0;M;54;camionero
48;1800000.0;F;54;camionero
30;800000.0;F;37;camionero
40;700000.0;F;63;camionero
70;3000000.0;M;39;camionero
48;1200000.0;F;61;camionero
70;1160000.0;F;56;camionero
70;1400000.0;F;28;camionero
20;400000.0;M;10;camionero
50;1200000.0;M;30;camionero
60;2400000.0;M;70;camionero
84;1000000.0;F;72;camionero
60;940000.0;M;25;camionero
40;400000.0;M;34;camionero
80;4000000.0;F;38;camionero
48;2000000.0;M;24;camionero
48;2000000.0;M;43;camionero
48;500000.0;M;59;camionero
48;350000.0;F;58;camionero
48;1000000.0;M;43;camionero
40;1000000.0;F;5;camionero
48;1300000.0;F;12;camionero
48;1160000.0;M;59;camionero
40;800000.0;M;6;camionero
48;500000.0;M;33;camionero
30;450000.0;M;14;camionero
48;1160000.0;F;33;camionero
48;1500000.0;F;61;camionero
52;900000.0;M;71;camionero
48;1300000.0;F;44;camionero
52;1200000.0;F;82;camionero
60;1000000.0;M;68;camionero
16;1000000.0;F;35;camionero
48;1160000.0;M;34;camionero
40;600000.0;F;49;camionero
50;3000000.0;F;21;camionero
48;1160000.0;F;25;camionero
50;2000000.0;M;7;camionero
60;2000000.0;F;14;camionero
30;120000.0;M;48;camionero
48;1000000.0;F;65;camionero
48;500000.0;F;19;camionero
48;1300000.0;M;54;camionero
48;1160000.0;F;26;camionero
80;1160000.0;F;65;camionero
60;1200000.0;M;64;camionero
60;2500000.0;M;52;camionero
52;1270000.0;M;96;camionero
60;1180000.0;M;54;camionero
48;700000.0;M;5;camionero
50;700000.0;M;74;camionero
70;1500000.0;F;33;camionero
40;1200000.0;F;65;camionero
70;1800000.0;M;7;camionero
48;2450000.0;F;40;camionero
48;1600000.0;F;21;camionero
48;300000.0;M;18;camionero
36;1000000.0;M;47;camionero
54;2200000.0;F;38;camionero
70;4000000.0;F;89;camionero
48;1400000.0;F;70;camionero
48;1160000.0;F;81;camionero
72;1500000.0;F;62;camionero
40;1160000.0;M;32;camionero
48;2800000.0;F;7;camionero
48;800000.0;F;84;camionero
48;1800000.0;F;20;camionero
48;1300000.0;M;27;camionero
84;1600000.0;F;47;camionero
60;1500000.0;F;37;camionero
44;1500000.0;F;66;camionero
70;800000.0;F;23;camionero
48;1500000.0;M;42;camionero
40;500000.0;F;61;camionero
50;1460000.0;F;39;camionero
40;1000000.0;M;56;camionero
48;1500000.0;M;32;camionero
48;1160000.0;F;50;camionero
48;1160000.0;M;26;camionero
54;3000000.0;M;32;camionero
50;500000.0;M;40;camionero
60;1100000.0;M;28;camionero
48;1300000.0;M;43;camionero
48;1200000.0;F;32;camionero
48;1500000.0;F;70;camionero
60;2400000.0;M;55;camionero
48;1300000.0;F;27;camionero
48;1000000.0;F;14;camionero
50;800000.0;F;63;camionero
50;1160000.0;F;22;camionero
50;1160000.0;M;44;camionero
50;1160000.0;F;46;camionero
50;1160000.0;F;13;camionero
50;1600000.0;F;21;camionero
30;900000.0;M;79;camionero
60;2000000.0;F;76;camionero
72;1350000.0;F;9;camionero
96;1000000.0;F;43;camionero
40;1200000.0;F;15;camionero
60;800000.0;M;6;camionero
40;1000000.0;M;32;camionero
48;1200000.0;M;32;camionero
55;1900000.0;M;19;camionero
48;2000000.0;M;20;camionero
24;300000.0;F;5;camionero
48;2000000.0;M;24;camionero
48;1950000.0;M;61;camionero
70;1700000.0;M;41;camionero
60;1500000.0;F;49;camionero
48;1360000.0;F;17;camionero
60;2000000.0;F;29;camionero
60;900000.0;M;35;camionero
90;2800000.0;F;25;camionero
60;900000.0;F;40;camionero
48;1810000.0;F;49;camionero
48;600000.0;M;9;camionero
60;1750000.0;F;35;camionero
60;2020000.0;M;24;camionero
48;1200000.0;M;15;camionero
48;2000000.0;F;59;camionero
60;1160000.0;F;22;camionero
60;1400000.0;F;15;camionero
48;1160000.0;F;53;camionero
40;780000.0;F;39;camionero
54;1160000.0;F;42;camionero
48;1160000.0;M;39;camionero
48;1800000.0;F;28;camionero
50;1160000.0;F;26;camionero
48;1160000.0;F;23;camionero
60;1600000.0;M;31;camionero
40;1500000.0;F;38;camionero
48;1200000.0;M;60;camionero
45;840000.0;F;34;camionero
48;1160000.0;M;30;camionero
48;1200000.0;F;8;camionero
48;1300000.0;M;30;camionero
60;600000.0;M;11;camionero
72;1300000.0;M;55;camionero
70;1000000.0;F;12;camionero
72;1300000.0;F;62;camionero
48;1160000.0;F;27;camionero
48;800000.0;M;55;camionero
60;1800000.0;M;26;camionero
70;2000000.0;F;18;camionero
48;1160000.0;M;16;camionero
50;1000000.0;M;32;camionero
60;1160000.0;M;46;camionero
48;1350000.0;M;43;electricista
49;2000000.0;F;13;electricista
50;500000.0;F;15;electricista
56;800000.0;F;20;electricista
48;1300000.0;F;40;electricista
48;1200000.0;M;20;electricista
40;650000.0;M;10;electricista
48;1160000.0;M;31;electricista
72;500000.0;M;18;electricista
48;1160000.0;F;30;electricista
60;700000.0;F;46;electricista
48;1160000.0;F;55;electricista
35;1700000.0;M;60;electricista
50;1350000.0;F;70;electricista
30;600000.0;F;32;electricista
12;100000.0;M;31;electricista
48;1800000.0;F;60;electricista
30;500000.0;M;18;electricista
48;900000.0;F;15;electricista
40;550000.0;F;85;electricista
48;1700000.0;M;50;electricista
30;500000.0;F;38;electricista
48;200000.0;F;85;electricista
45;900000.0;M;15;electricista
60;1500000.0;F;21;electricista
45;800000.0;F;14;electricista
48;1800000.0;F;21;electricista
48;1500000.0;M;9;electricista
45;350000.0;F;22;electricista
60;1160000.0;M;56;electricista
48;1600000.0;F;50;electricista
48;3500000.0;M;37;electricista
48;1300000.0;F;29;electricista
54;1700000.0;F;22;electricista
48;1160000.0;F;59;electricista
30;500000.0;M;57;electricista
48;2000000.0;F;22;electricista
40;1300000.0;M;41;electricista
48;1870000.0;F;27;electricista
48;2000000.0;M;22;electricista
48;4000000.0;F;63;electricista
35;1100000.0;F;42;electricista
44;1160000.0;M;33;electricista
50;1500000.0;F;44;electricista
48;1800000.0;F;29;electricista
60;250000.0;M;63;electricista
28;800000.0;F;36;electricista
48;1160000.0;M;7;electricista
40;900000.0;M;49;electricista
16;300000.0;M;32;electricista
48;1600000.0;M;25;electricista
48;1200000.0;F;8;electricista
48;1200000.0;M;56;electricista
48;10000000.0;M;66;electricista
48;1500000.0;F;36;electricista
35;800000.0;M;15;electricista
38;950000.0;M;57;electricista
48;1300000.0;F;35;electricista
8;25000.0;M;32;electricista
48;2000000.0;M;71;electricista
48;3100000.0;F;29;electricista
48;600000.0;M;9;electricista
48;1160000.0;M;11;electricista
35;1200000.0;M;8;electricista
48;1400000.0;M;10;electricista
48;1160000.0;M;20;electricista
40;500000.0;M;17;electricista
48;1160000.0;F;32;electricista
54;850000.0;M;50;electricista
48;1570000.0;F;22;electricista
48;300000.0;F;44;electricista
60;1000000.0;F;28;electricista
50;6000000.0;M;17;electricista
48;1200000.0;F;43;electricista
60;2000000.0;M;41;electricista
40;800000.0;M;41;electricista
40;1200000.0;M;79;electricista
48;1160000.0;M;5;electricista
48;1160000.0;M;13;electricista
48;1160000.0;M;52;electricista
48;800000.0;M;32;electricista
48;1200000.0;F;65;electricista
48;1500000.0;F;19;electricista
48;1116000.0;M;40;electricista
40;920000.0;F;36;electricista
40;700000.0;F;27;electricista
45;1500000.0;F;96;electricista
35;1500000.0;F;72;electricista
20;500000.0;M;24;electricista
48;10000000.0;F;26;electricista
40;1200000.0;M;60;electricista
58;1700000.0;F;11;electricista
48;1800000.0;M;34;electricista
48;1200000.0;F;41;electricista
50;1600000.0;F;46;electricista
48;1160000.0;F;21;electricista
48;960000.0;M;8;electricista
40;1500000.0;F;44;electricista
48;1500000.0;F;21;electricista
44;1450000.0;F;77;electricista
48;1160000.0;M;63;electricista
48;1160000.0;F;50;electricista
48;1160000.0;F;18;electricista
48;1533000.0;F;24;electricista
48;2320000.0;F;76;electricista
48;1000000.0;M;60;electricista
60;4800000.0;F;83;electricista
48;800000.0;M;5;electricista
48;700000.0;F;42;electricista
40;1800000.0;M;41;electricista
48;1300000.0;F;18;electricista
36;2100000.0;M;82;electricista
48;1200000.0;M;36;electricista
60;2000000.0;M;57;electricista
60;1160000.0;F;42;electricista
40;2000000.0;F;26;electricista
48;900000.0;M;54;electricista
72;1000000.0;M;13;electricista
40;2600000.0;F;60;arquitecto
10;3000000.0;F;44;arquitecto
40;5000000.0;M;31;arquitecto
30;6000000.0;M;5;arquitecto
60;12000000.0;F;55;arquitecto
40;1500000.0;F;65;arquitecto
40;2500000.0;M;26;arquitecto
25;1200000.0;F;38;arquitecto
44;2500000.0;F;13;arquitecto
24;1000000.0;M;74;arquitecto
48;1500000.0;F;38;arquitecto
40;1500000.0;M;7;arquitecto
48;2500000.0;M;59;arquitecto
48;2500000.0;F;58;arquitecto
48;1800000.0;F;10;arquitecto
48;1900000.0;F;26;arquitecto
48;3000000.0;F;54;arquitecto
48;2500000.0;F;49;arquitecto
48;6000000.0;F;42;arquitecto
45;3000000.0;F;68;arquitecto
40;2000000.0;F;8;arquitecto
48;2200000.0;F;42;arquitecto
40;2000000.0;F;56;arquitecto
45;2000000.0;F;44;arquitecto
40;1800000.0;F;25;arquitecto
48;3000000.0;M;20;arquitecto
12;1500000.0;F;80;arquitecto
48;3000000.0;M;43;arquitecto
40;3500000.0;F;41;arquitecto
40;3500000.0;F;33;arquitecto
42;3000000.0;M;5;arquitecto
48;2000000.0;F;24;arquitecto
45;2000000.0;M;68;arquitecto
40;7500000.0;M;6;arquitecto
40;18000000.0;M;63;arquitecto
50;3800000.0;F;41;arquitecto
48;1000000.0;F;89;arquitecto
40;5000000.0;F;42;arquitecto
60;1000000.0;F;68;arquitecto
48;6000000.0;F;73;arquitecto
45;1800000.0;M;7;arquitecto
48;4000000.0;F;31;arquitecto
30;1800000.0;F;16;arquitecto
84;4000000.0;M;26;arquitecto
48;3500000.0;F;7;arquitecto
48;1800000.0;M;22;arquitecto
48;500000.0;F;66;arquitecto
40;1500000.0;M;59;arquitecto
48;1300000.0;M;67;arquitecto
48;1300000.0;M;49;arquitecto
40;6960000.0;F;61;abogado
30;5400000.0;M;93;abogado
40;500000.0;F;42;abogado
40;5000000.0;F;45;abogado
48;1160000.0;F;17;abogado
48;2000000.0;F;44;abogado
48;5000000.0;M;20;abogado
48;10000000.0;M;10;abogado
48;6000000.0;F;9;abogado
40;2500000.0;M;55;abogado
40;2000000.0;M;61;abogado
48;5375000.0;M;71;abogado
48;1200000.0;F;8;abogado
48;2000000.0;F;46;abogado
42;2000000.0;M;88;abogado
40;4000000.0;F;70;abogado
40;1800000.0;M;21;abogado
40;7000000.0;M;34;abogado
48;1700000.0;F;40;abogado
48;6600000.0;M;44;abogado
44;2500000.0;M;35;abogado
48;2500000.0;M;15;abogado
4;600000.0;F;93;abogado
48;2000000.0;M;56;abogado
48;3100000.0;F;28;abogado
48;6000000.0;M;36;abogado
50;5200000.0;F;37;abogado
40;10000000.0;F;25;abogado
55;5000000.0;F;61;abogado
50;4000000.0;F;31;abogado
48;3000000.0;F;39;abogado
48;4500000.0;M;17;abogado
48;2000000.0;F;15;abogado
48;1300000.0;M;24;abogado
40;2300000.0;M;56;abogado
48;2000000.0;F;73;abogado
40;3000000.0;M;82;abogado
40;3400000.0;M;60;abogado
48;3000000.0;F;21;abogado
40;2400000.0;F;65;abogado
40;2500000.0;F;53;abogado
48;7200000.0;F;12;abogado
35;500000.0;M;11;abogado
48;4000000.0;M;13;abogado
48;4000000.0;M;19;abogado
40;3400000.0;F;49;abogado
48;10000000.0;F;43;abogado
40;7600000.0;F;28;abogado
40;5000000.0;F;66;abogado
40;2000000.0;M;80;abogado
45;2300000.0;F;46;abogado
40;2000000.0;F;48;abogado
48;9600000.0;F;57;abogado
16;1500000.0;F;26;abogado
48;5000000.0;M;39;abogado
40;2995000.0;F;73;abogado
48;5000000.0;M;32;abogado
48;1100000.0;F;22;abogado
48;2800000.0;M;21;abogado
40;1500000.0;M;25;abogado
40;2300000.0;M;40;abogado
40;1000000.0;M;27;abogado
30;5000000.0;M;19;abogado
48;1200000.0;M;15;abogado
48;3000000.0;F;14;abogado
48;7000000.0;F;70;abogado
25;2000000.0;M;13;abogado
40;4000000.0;F;46;abogado
48;3000000.0;F;19;abogado
48;4900000.0;F;18;abogado
30;600000.0;M;15;abogado
48;2000000.0;F;46;abogado
24;3000000.0;M;22;abogado
48;500000.0;M;23;abogado
40;5000000.0;F;48;abogado
48;4000000.0;F;43;abogado
40;3000000.0;F;61;abogado
48;5000000.0;F;37;abogado
48;1500000.0;F;37;abogado
40;3700000.0;M;28;abogado
40;9000000.0;M;45;abogado
48;4800000.0;F;53;abogado
48;5800000.0;F;68;abogado
48;2000000.0;F;12;abogado
40;1800000.0;M;39;abogado
40;3000000.0;M;19;abogado
40;2300000.0;M;25;abogado
25;3400000.0;F;30;abogado
40;2800000.0;M;27;abogado
48;4000000.0;M;51;abogado
40;1160000.0;F;28;abogado
48;2600000.0;F;77;abogado
48;1160000.0;M;23;abogado
45;3000000.0;M;35;abogado
40;4000000.0;M;21;abogado
48;4000000.0;F;72;abogado
30;1160000.0;F;14;abogado
40;3000000.0;F;83;abogado
48;3500000.0;M;66;abogado
57;9000000.0;F;24;abogado
25;2100000.0;M;19;abogado
30;7000000.0;M;17;abogado
40;2000000.0;F;61;abogado
48;5800000.0;F;9;abogado
48;3800000.0;M;56;abogado
40;1300000.0;F;44;abogado
48;2000000.0;F;37;abogado
48;5000000.0;F;35;abogado
48;3400000.0;F;33;abogado
48;1800000.0;F;29;abogado
54;4000000.0;F;65;abogado
48;2500000.0;F;22;abogado
40;6000000.0;F;58;abogado
30;2000000.0;F;39;abogado
48;3000000.0;F;31;abogado
50;4000000.0;F;22;abogado
45;10000000.0;F;56;abogado
48;5000000.0;M;65;abogado
48;5200000.0;F;46;abogado
40;500000.0;M;44;abogado
40;4500000.0;M;23;abogado
40;4600000.0;M;73;abogado
48;2000000.0;M;32;abogado
48;2500000.0;F;9;abogado
48;4000000.0;F;67;abogado
24;900000.0;M;64;abogado
48;3000000.0;M;77;abogado
50;6000000.0;M;39;abogado
40;7000000.0;F;29;abogado
48;2500000.0;F;74;abogado
36;2600000.0;F;37;abogado
48;3000000.0;M;45;abogado
48;5400000.0;F;47;abogado
40;3000000.0;F;10;abogado
36;2600000.0;F;49;abogado
20;5000000.0;F;67;abogado
48;4000000.0;F;44;abogado
48;1200000.0;M;52;abogado
25;3600000.0;F;7;abogado
60;5400000.0;F;18;abogado
40;2700000.0;F;59;abogado
40;2800000.0;F;74;abogado
45;2000000.0;M;30;abogado
48;5000000.0;F;60;abogado
48;1700000.0;F;60;abogado
40;500000.0;M;23;abogado
60;2000000.0;F;37;abogado
40;4300000.0;F;30;abogado
48;1300000.0;M;46;abogado
48;10000000.0;F;55;abogado
48;3000000.0;M;15;abogado
48;1000000.0;F;35;abogado
24;2000000.0;F;18;abogado
40;2000000.0;F;5;abogado
40;3000000.0;M;29;abogado
48;3300000.0;F;80;abogado
40;3500000.0;M;58;abogado
24;5000000.0;F;56;abogado
48;7000000.0;M;13;abogado
48;3000000.0;F;91;abogado
48;6000000.0;M;14;abogado
45;3980000.0;M;14;abogado
48;8935093.0;F;55;abogado
48;6440000.0;M;54;abogado
48;2600000.0;F;47;abogado
48;2500000.0;F;29;abogado
40;4200000.0;M;6;abogado
40;1800000.0;F;33;abogado
48;6000000.0;F;15;abogado
48;1200000.0;F;23;abogado
40;3500000.0;M;79;abogado
40;2000000.0;M;38;abogado
48;4500000.0;M;25;abogado
45;3600000.0;M;6;abogado
48;1160000.0;M;31;abogado
48;5000000.0;F;86;abogado
60;5000000.0;M;56;abogado
48;5000000.0;M;46;abogado
40;1300000.0;M;26;abogado
48;1160000.0;F;6;abogado
48;1000000.0;M;8;abogado
50;1200000.0;M;19;abogado
48;600000.0;F;25;abogado
40;30020000.0;M;34;abogado
40;2000000.0;F;24;abogado
48;5800000.0;F;18;abogado
48;2000000.0;M;17;abogado
40;3500000.0;F;36;abogado
40;3000000.0;F;8;abogado
40;2500000.0;F;69;abogado
40;12000000.0;F;15;abogado
35;2500000.0;F;16;abogado
40;1800000.0;M;45;abogado
40;5500000.0;F;18;abogado
48;4500000.0;F;72;abogado
48;3000000.0;F;19;abogado
48;1500000.0;F;16;abogado
40;1500000.0;F;10;abogado
40;5000000.0;F;18;abogado
20;1000000.0;F;11;abogado
40;3350000.0;F;35;abogado
40;1500000.0;M;17;abogado
40;3300000.0;M;62;abogado
40;3500000.0;F;42;abogado
48;6000000.0;M;39;abogado
48;3000000.0;M;22;abogado
48;3500000.0;M;30;abogado
50;4000000.0;F;66;abogado
40;2800000.0;M;61;abogado
30;2000000.0;F;20;abogado
48;13000000.0;F;33;abogado
40;3000000.0;F;8;abogado
48;3500000.0;F;39;abogado
48;3500000.0;M;26;abogado
40;1160000.0;F;63;abogado
50;2000000.0;M;32;abogado
20;1500000.0;M;8;abogado
40;1800000.0;F;47;abogado
40;1400000.0;M;81;abogado
48;2000000.0;F;53;abogado
30;300000.0;F;11;abogado
35;3500000.0;F;11;abogado
40;1800000.0;F;62;abogado
48;3000000.0;F;14;abogado
48;2000000.0;M;61;abogado
20;16000000.0;F;91;abogado
60;6000000.0;F;62;abogado
40;3500000.0;F;24;abogado
40;2000000.0;F;9;abogado
48;1500000.0;M;34;abogado
48;2300000.0;M;53;abogado
40;2200000.0;F;11;abogado
40;3300000.0;F;22;abogado
45;5400000.0;F;31;abogado
60;7000000.0;F;27;abogado
45;2500000.0;M;13;abogado
40;1000000.0;F;44;abogado
30;100000.0;F;51;abogado
48;4200000.0;F;38;abogado
40;500000.0;F;48;abogado
48;2000000.0;F;18;abogado
48;1600000.0;M;24;abogado
40;1000000.0;F;10;abogado
40;4500000.0;F;34;abogado
120;4250000.0;M;36;abogado
40;4472000.0;M;32;abogado
48;5000000.0;M;44;abogado
48;700000.0;F;23;abogado
36;3000000.0;F;26;abogado
40;5000000.0;F;32;abogado
40;8400000.0;F;12;abogado
48;4500000.0;M;12;abogado
48;3000000.0;F;9;abogado
40;4900000.0;F;15;abogado
40;2300000.0;M;28;abogado
40;2000000.0;F;72;abogado
20;1200000.0;M;9;abogado
60;1500000.0;M;28;abogado
40;5900000.0;M;25;abogado
30;8610000.0;F;79;abogado
40;4500000.0;F;29;abogado
50;2800000.0;F;28;abogado
60;1600000.0;M;10;abogado
48;960000.0;F;32;abogado
48;2000000.0;M;14;abogado
45;3000000.0;M;15;abogado
48;3000000.0;F;48;abogado
40;5200000.0;F;17;abogado
48;2500000.0;F;54;abogado
48;4000000.0;F;66;abogado
40;4000000.0;M;48;abogado
48;5000000.0;F;21;abogado
48;3500000.0;F;16;abogado
50;4000000.0;M;54;abogado
50;5000000.0;M;5;abogado
40;6000000.0;F;14;abogado
40;3500000.0;F;24;abogado
48;3200000.0;F;65;abogado
40;3000000.0;F;91;abogado
48;4000000.0;F;32;abogado
48;20955000.0;F;15;abogado
48;2500000.0;F;36;abogado
48;2500000.0;M;43;abogado
44;4450000.0;F;44;abogado
48;4000000.0;F;12;abogado
48;1300000.0;M;34;abogado
40;8000000.0;F;17;abogado
48;6000000.0;F;42;abogado
44;1000000.0;F;35;carpintero
44;600000.0;F;38;carpintero
48;1500000.0;M;19;carpintero
32;1160000.0;F;17;carpintero
22;800000.0;F;12;carpintero
50;700000.0;F;10;carpintero
48;1000000.0;M;42;carpintero
10;500000.0;F;50;carpintero
48;1300000.0;F;51;carpintero
48;500000.0;M;17;carpintero
50;800000.0;F;62;carpintero
54;1000000.0;M;28;carpintero
48;1000000.0;M;27;carpintero
48;1160000.0;M;25;carpintero
48;1160000.0;F;33;carpintero
48;1160000.0;F;23;carpintero
48;1100000.0;M;42;carpintero
20;180000.0;F;61;carpintero
49;1800000.0;M;8;carpintero
40;1100000.0;F;5;carpintero
40;300000.0;M;7;carpintero
48;400000.0;M;16;carpintero
48;500000.0;M;43;carpintero
40;700000.0;F;7;carpintero
48;600000.0;F;43;carpintero
44;600000.0;F;8;carpintero
42;300000.0;M;38;carpintero
40;400000.0;F;43;carpintero
67;1300000.0;M;22;carpintero
50;1200000.0;F;34;carpintero
40;700000.0;M;46;carpintero
48;1000000.0;M;12;carpintero
48;1160000.0;M;41;carpintero
10;85000.0;F;19;carpintero
48;1900000.0;M;65;carpintero
30;800000.0;F;41;carpintero
48;1800000.0;M;84;chef
40;1000000.0;M;15;chef
50;2450000.0;F;19;chef
60;2100000.0;M;18;chef
70;1100000.0;F;18;chef
48;2000000.0;M;23;chef
56;1500000.0;F;35;chef
48;2000000.0;F;42;chef
48;2570000.0;F;38;chef
70;1280000.0;F;39;chef
40;1750000.0;F;67;chef
70;1600000.0;F;28;chef
60;1510000.0;M;17;chef
50;1500000.0;M;8;chef
48;1800000.0;F;65;chef
48;3000000.0;F;52;chef
48;1300000.0;F;22;chef
48;910000.0;M;26;chef
84;1900000.0;F;74;chef
40;1760000.0;F;14;chef
48;1320000.0;M;8;chef
56;1600000.0;F;27;chef
70;1500000.0;F;40;chef
48;2266000.0;F;58;chef
45;1160000.0;F;63;chef
24;400000.0;F;24;chef
84;1400000.0;M;19;chef
48;1600000.0;F;6;chef
40;600000.0;F;65;barbero
24;1000000.0;M;31;barbero
21;800000.0;F;21;barbero
8;200000.0;M;23;barbero
70;900000.0;F;31;barbero
54;700000.0;F;20;barbero
48;250000.0;M;56;barbero
30;500000.0;F;45;barbero
65;1300000.0;F;26;barbero
40;300000.0;F;18;barbero
30;200000.0;F;73;barbero
60;900000.0;F;25;barbero
56;1800000.0;M;13;barbero
48;600000.0;M;19;barbero
24;300000.0;F;63;barbero
60;1500000.0;F;9;barbero
50;1600000.0;F;31;barbero
84;1300000.0;M;44;barbero
40;1500000.0;F;16;barbero
66;1300000.0;F;16;barbero
70;1260000.0;F;47;barbero
70;400000.0;F;11;barbero
40;500000.0;F;31;barbero
45;1000000.0;M;7;barbero
48;1500000.0;M;15;barbero
15;1500000.0;F;10;barbero
18;70000.0;F;17;barbero
48;2000000.0;F;34;barbero
70;900000.0;M;54;barbero
50;900000.0;F;10;barbero
20;250000.0;M;91;barbero
20;260000.0;F;7;barbero
48;1000000.0;F;49;barbero
40;680000.0;F;18;barbero
48;1000000.0;M;17;barbero
48;1200000.0;F;15;barbero
10;500000.0;M;76;barbero
44;450000.0;M;12;barbero
48;500000.0;M;25;barbero
70;1500000.0;F;75;barbero
30;1000000.0;M;60;barbero
72;1520000.0;M;67;barbero
20;120000.0;F;17;barbero
30;100000.0;M;44;barbero
48;800000.0;M;13;barbero
42;350000.0;M;32;barbero
48;500000.0;M;28;barbero
35;350000.0;F;60;barbero
48;900000.0;M;23;barbero
60;200000.0;F;48;barbero
36;600000.0;M;27;barbero
56;400000.0;M;30;barbero
60;1000000.0;F;54;barbero
48;500000.0;F;17;barbero
36;800000.0;F;13;barbero
40;1000000.0;F;68;barbero
48;1100000.0;F;45;barbero
40;3500000.0;M;10;barbero
84;1300000.0;F;52;barbero
30;800000.0;M;8;barbero
48;600000.0;M;59;barbero
40;1200000.0;F;87;barbero
60;1300000.0;M;83;barbero
40;500000.0;F;24;barbero
20;1200000.0;F;25;barbero
48;1500000.0;M;52;barbero
36;1000000.0;M;38;barbero
60;700000.0;M;24;barbero
48;350000.0;M;67;barbero
48;900000.0;M;67;barbero
40;400000.0;F;14;barbero
60;800000.0;F;29;barbero
36;200000.0;M;15;barbero
48;400000.0;F;50;barbero
48;1300000.0;M;41;barbero
4;150000.0;M;57;barbero
24;280000.0;F;54;barbero
48;900000.0;M;5;barbero
40;700000.0;M;41;barbero
48;500000.0;M;10;barbero
20;1000000.0;M;37;barbero
48;350000.0;F;21;barbero
60;800000.0;F;38;barbero
48;600000.0;F;13;barbero
48;500000.0;M;5;barbero
48;1000000.0;F;64;barbero
48;450000.0;F;78;barbero
48;350000.0;M;24;barbero
48;1100000.0;F;49;barbero
60;500000.0;M;62;barbero
48;700000.0;M;36;barbero
24;1500000.0;M;61;barbero
18;300000.0;F;26;barbero
40;1000000.0;F;43;barbero
12;350000.0;M;21;barbero
48;1500000.0;M;5;barbero
48;1000000.0;F;12;barbero
24;850000.0;M;38;barbero
4;70000.0;F;39;barbero
20;200000.0;M;52;barbero
50;390000.0;M;11;barbero
50;1000000.0;M;13;barbero
30;300000.0;F;71;barbero
72;1000000.0;F;23;barbero
48;1200000.0;F;72;barbero
40;400000.0;F;14;barbero
30;50000.0;M;34;barbero
48;1200000.0;M;18;barbero
48;400000.0;M;38;barbero
30;300000.0;M;14;barbero
48;250000.0;M;6;barbero
72;800000.0;F;53;barbero
40;850000.0;F;16;barbero
72;1000000.0;M;18;barbero
20;900000.0;M;67;barbero
40;1000000.0;F;28;barbero
91;2100000.0;M;7;barbero
36;650000.0;F;64;barbero
60;800000.0;F;53;barbero
48;60000.0;M;25;barbero
56;800000.0;F;64;barbero
20;500000.0;M;43;barbero
48;400000.0;M;41;barbero
50;700000.0;M;19;barbero
48;1500000.0;F;41;barbero
60;800000.0;F;14;barbero
20;180000.0;M;22;barbero
30;500000.0;M;59;barbero
48;500000.0;M;28;barbero
48;1150000.0;F;26;barbero
48;1000000.0;F;29;barbero
60;400000.0;M;58;barbero
42;1500000.0;F;8;barbero
42;300000.0;M;48;barbero
12;200000.0;F;20;barbero
18;320000.0;F;14;barbero
84;500000.0;M;42;barbero
70;800000.0;F;48;barbero
60;1100000.0;F;36;barbero
42;1000000.0;M;12;barbero
30;1200000.0;F;13;barbero
30;600000.0;F;26;barbero
40;800000.0;F;40;barbero
35;500000.0;F;33;barbero
40;2000000.0;F;45;barbero
60;2000000.0;F;54;barbero
30;300000.0;F;19;barbero
48;300000.0;F;17;barbero
40;300000.0;M;11;barbero
70;300000.0;F;26;barbero
40;1000000.0;F;48;barbero
48;1200000.0;F;55;barbero
84;1200000.0;F;38;barbero
48;1500000.0;M;12;barbero
40;600000.0;M;27;barbero
50;700000.0;M;15;barbero
25;200000.0;F;57;barbero
40;500000.0;M;56;barbero
60;250000.0;M;66;barbero
60;1000000.0;F;50;barbero
60;700000.0;F;25;barbero
60;1000000.0;M;61;barbero
70;750000.0;M;46;barbero
70;700000.0;M;39;barbero
60;500000.0;F;55;barbero
70;2000000.0;F;47;barbero
15;300000.0;F;15;barbero
12;400000.0;M;26;barbero
60;900000.0;M;23;barbero
70;800000.0;M;69;barbero
30;50000.0;F;40;barbero
48;1160000.0;M;62;barbero
40;700000.0;M;19;barbero
10;200000.0;M;34;barbero
24;200000.0;F;82;barbero
48;1000000.0;F;44;barbero
48;400000.0;M;41;barbero
48;1000000.0;M;19;barbero
48;900000.0;M;11;barbero
48;570000.0;F;28;barbero
62;1400000.0;F;19;barbero
60;1200000.0;F;31;barbero
50;150000.0;M;46;barbero
72;2000000.0;F;25;barbero
24;200000.0;F;21;barbero
56;1800000.0;F;14;barbero
10;300000.0;F;31;barbero
54;200000.0;F;48;barbero
48;1100000.0;M;53;barbero
50;1200000.0;M;55;barbero
10;250000.0;M;9;barbero
20;1000000.0;F;51;barbero
54;1800000.0;F;52;barbero
16;300000.0;F;58;barbero
40;280000.0;M;33;barbero
10;300000.0;F;18;barbero
45;180000.0;M;30;barbero
30;300000.0;M;27;barbero
38;950000.0;F;54;barbero
40;900000.0;M;58;barbero
48;1800000.0;F;9;barbero
48;1160000.0;M;41;barbero
70;400000.0;F;43;barbero
56;800000.0;F;62;barbero
40;500000.0;F;46;barbero
48;300000.0;F;51;barbero
48;1100000.0;M;41;barbero
48;1300000.0;F;71;barbero
24;450000.0;F;58;barbero
40;450000.0;M;12;barbero
49;800000.0;F;16;barbero
40;480000.0;M;17;barbero
48;1000000.0;F;27;barbero
14;500000.0;M;30;barbero
60;600000.0;M;34;barbero
40;800000.0;M;38;barbero
10;200000.0;M;56;barbero
5;100000.0;F;27;barbero
40;590000.0;F;63;barbero
48;900000.0;F;22;barbero
25;200000.0;M;15;barbero
48;500000.0;F;62;barbero
24;500000.0;M;33;barbero
42;1200000.0;M;16;barbero
48;700000.0;F;30;barbero
40;750000.0;F;16;barbero
48;700000.0;M;6;barbero
60;400000.0;F;59;barbero
30;150000.0;F;69;barbero
40;800000.0;M;31;barbero
50;400000.0;M;6;barbero
42;600000.0;F;56;barbero
60;450000.0;F;48;barbero
38;300000.0;M;11;barbero
30;250000.0;M;31;barbero
48;750000.0;F;27;barbero
48;700000.0;M;10;barbero
40;600000.0;M;8;barbero
15;500000.0;M;28;barbero
60;1000000.0;M;13;barbero
2;100000.0;M;33;barbero
20;200000.0;F;65;barbero
20;400000.0;F;59;barbero
60;1700000.0;F;43;barbero
48;300000.0;M;13;barbero
60;900000.0;F;8;barbero
16;200000.0;F;22;barbero
40;550000.0;M;28;barbero
30;800000.0;M;21;barbero
48;1200000.0;F;10;barbero
60;250000.0;F;44;barbero
60;800000.0;M;38;barbero
30;900000.0;M;13;barbero
40;800000.0;M;9;barbero
40;800000.0;F;32;barbero
12;150000.0;F;12;barbero
10;600000.0;F;35;barbero
66;600000.0;M;64;barbero
40;1200000.0;F;26;barbero
40;200000.0;F;17;barbero
24;300000.0;F;8;barbero
48;1300000.0;F;62;barbero
42;280000.0;M;24;barbero
40;580000.0;F;35;barbero
40;200000.0;F;21;barbero
48;500000.0;M;46;barbero
48;1650000.0;F;51;barbero
54;520000.0;M;50;barbero
50;330000.0;M;18;barbero
48;900000.0;F;23;barbero
70;400000.0;F;40;barbero
48;600000.0;M;54;barbero
10;80000.0;F;45;barbero
39;300000.0;M;61;barbero
48;1130000.0;F;25;barbero
35;900000.0;F;35;barbero
70;300000.0;F;20;barbero
48;1160000.0;F;36;barbero
48;600000.0;M;55;barbero
30;220000.0;F;26;barbero
40;300000.0;F;31;barbero
48;1000000.0;F;25;barbero
48;1000000.0;F;66;barbero
60;1200000.0;F;50;barbero
50;1500000.0;M;60;barbero
48;750000.0;M;7;barbero
72;900000.0;M;41;barbero
60;400000.0;M;43;barbero
60;1160000.0;F;74;barbero
48;900000.0;F;49;barbero
30;250000.0;F;62;barbero
48;500000.0;M;68;barbero
48;450000.0;F;70;barbero
20;400000.0;F;46;barbero
40;600000.0;F;20;barbero
70;800000.0;M;74;barbero
48;800000.0;M;17;barbero
42;150000.0;M;12;barbero
40;1000000.0;F;17;barbero
48;1000000.0;M;36;barbero
48;800000.0;F;73;barbero
12;350000.0;F;30;barbero
40;600000.0;F;43;barbero
5;300000.0;F;9;barbero
45;780000.0;F;21;barbero
40;1300000.0;F;24;barbero
72;1500000.0;M;8;barbero
50;1300000.0;M;78;barbero
22;1500000.0;M;35;barbero
40;250000.0;M;57;barbero
48;1250000.0;M;8;barbero
15;260000.0;F;28;barbero
48;400000.0;M;57;barbero
60;3000000.0;M;63;barbero
20;1160000.0;M;50;barbero
42;600000.0;M;75;basurero
50;1100000.0;F;37;basurero
70;400000.0;M;16;basurero
48;60000.0;M;13;basurero
9;1160000.0;F;16;basurero
48;1160000.0;F;13;basurero
72;1200000.0;F;8;basurero
21;120000.0;M;35;basurero
60;200000.0;M;59;basurero
60;200000.0;M;20;basurero
35;250000.0;M;41;basurero
38;700000.0;M;54;basurero
40;600000.0;F;52;basurero
48;600000.0;F;37;basurero
48;1160000.0;M;25;basurero
84;400000.0;F;10;basurero
84;70000.0;F;7;basurero
60;90000.0;M;40;basurero
84;90000.0;F;43;basurero
36;100000.0;F;43;basurero
48;1400000.0;F;72;basurero
48;250000.0;M;53;basurero
56;50000.0;F;35;basurero
30;240000.0;F;56;basurero
48;1000000.0;F;88;basurero
12;140000.0;F;29;basurero
50;275000.0;M;7;basurero
30;600000.0;M;13;basurero
40;300000.0;F;7;basurero
40;250000.0;F;82;basurero
15;100000.0;M;35;basurero
48;400000.0;M;20;basurero
48;1000000.0;F;28;basurero
84;420000.0;M;56;basurero
84;420000.0;F;24;basurero
98;420000.0;M;31;basurero
40;120000.0;M;38;basurero
42;100000.0;F;52;basurero
40;200000.0;M;34;basurero
20;300000.0;M;28;basurero
30;350000.0;F;24;basurero
40;500000.0;F;5;basurero
30;500000.0;M;66;basurero
35;600000.0;F;48;basurero
42;300000.0;F;56;basurero
24;70000.0;M;65;basurero
36;1000000.0;M;38;basurero
48;500000.0;M;47;basurero
40;480000.0;M;23;basurero
20;80000.0;F;11;basurero
40;200000.0;F;31;basurero
48;900000.0;F;39;basurero
48;1160000.0;F;39;basurero
30;180000.0;F;18;basurero
30;200000.0;F;32;basurero
30;100000.0;F;33;basurero
48;11000000.0;M;22;basurero
48;700000.0;M;44;basurero
48;1160000.0;F;52;basurero
48;1160000.0;M;7;basurero
36;400000.0;F;39;basurero
30;2900000.0;F;14;basurero
48;150000.0;M;8;basurero
48;500000.0;F;37;basurero
30;500000.0;M;65;basurero
20;100000.0;F;70;basurero
42;800000.0;F;22;basurero
7;150000.0;F;60;basurero
20;80000.0;F;34;basurero
30;250000.0;M;36;basurero
56;550000.0;F;9;basurero
30;200000.0;F;68;basurero
25;300000.0;F;19;basurero
50;1300000.0;F;44;basurero
50;1000000.0;F;44;basurero
48;200000.0;M;52;basurero
72;1200000.0;F;19;basurero
50;100000.0;M;11;basurero
48;700000.0;F;63;basurero
72;300000.0;F;36;basurero
48;250000.0;F;7;basurero
40;480000.0;M;34;basurero
40;100000.0;F;20;basurero
48;700000.0;F;6;basurero
49;600000.0;F;31;basurero
35;300000.0;F;64;basurero
70;200000.0;F;63;basurero
48;1160000.0;F;74;basurero
20;100000.0;F;41;basurero
54;600000.0;M;28;basurero
40;550000.0;F;18;basurero
28;350000.0;M;38;basurero
12;205000.0;M;36;basurero
40;200000.0;F;18;basurero
48;1160000.0;M;66;basurero
60;400000.0;M;26;basurero
48;600000.0;M;48;basurero
5;50000.0;M;37;basurero
40;800000.0;F;73;basurero
40;700000.0;F;71;basurero
40;700000.0;M;10;basurero
52;800000.0;M;43;basurero
40;600000.0;F;24;basurero
48;1500000.0;M;66;basurero
48;1200000.0;F;32;basurero
20;800000.0;F;43;basurero
27;200000.0;M;58;basurero
30;120000.0;F;62;basurero
25;150000.0;F;15;basurero
40;150000.0;M;89;basurero
40;100000.0;F;70;basurero
48;250000.0;F;59;basurero
48;200000.0;F;82;basurero
48;650000.0;M;63;basurero
36;450000.0;F;59;basurero
48;400000.0;F;33;basurero
3;30000.0;M;38;basurero
54;200000.0;F;62;basurero
35;700000.0;M;31;basurero
40;900000.0;F;68;basurero
42;750000.0;M;63;basurero
12;80000.0;M;46;basurero
35;500000.0;M;21;basurero
48;1160000.0;M;36;basurero
30;250000.0;F;30;basurero
45;700000.0;M;23;basurero
10;80000.0;F;51;basurero
10;50000.0;F;40;basurero
40;400000.0;M;57;basurero
50;700000.0;M;53;basurero
20;70000.0;F;59;basurero
15;70000.0;M;66;basurero
20;90000.0;M;54;basurero
40;200000.0;F;21;basurero
55;300000.0;M;36;basurero
40;300000.0;M;28;basurero
12;80000.0;M;27;basurero
20;150000.0;M;19;basurero
40;800000.0;M;22;basurero
48;400000.0;M;10;basurero
40;450000.0;M;9;basurero
40;450000.0;F;55;basurero
48;1360000.0;F;39;basurero
60;500000.0;M;21;basurero
60;300000.0;M;78;basurero
60;200000.0;M;54;basurero
20;200000.0;M;25;basurero
40;300000.0;M;21;basurero
60;580000.0;M;48;basurero
60;700000.0;F;23;basurero
65;900000.0;F;69;basurero
30;250000.0;F;59;basurero
40;120000.0;M;66;basurero
48;1300000.0;F;69;basurero
32;150000.0;F;46;basurero
48;600000.0;M;57;basurero
35;800000.0;F;51;basurero
48;400000.0;M;27;basurero
25;350000.0;M;55;basurero
42;80000.0;F;28;basurero
28;80000.0;F;22;basurero
36;300000.0;F;8;basurero
50;200000.0;M;59;basurero
40;250000.0;F;31;basurero
48;1000000.0;F;13;secretario
45;1160000.0;M;15;secretario
40;2200000.0;F;34;secretario
48;4900000.0;M;26;secretario
30;1100000.0;F;33;secretario
48;1160000.0;F;38;secretario
40;1600000.0;M;37;secretario
48;1650000.0;F;46;secretario
48;1160000.0;F;68;secretario
48;1500000.0;F;17;secretario
48;2000000.0;M;77;secretario
48;2000000.0;F;37;secretario
48;1200000.0;F;53;secretario
48;1160000.0;M;24;secretario
40;3000000.0;M;24;secretario
48;1000000.0;M;73;secretario
48;1117172.0;F;38;secretario
48;1300000.0;M;21;secretario
48;1160000.0;M;66;secretario
48;1160000.0;M;14;secretario
48;1000000.0;M;57;secretario
40;1700000.0;F;22;secretario
40;1360000.0;M;58;secretario
48;1200000.0;M;18;secretario
40;1450000.0;M;6;secretario
44;1300000.0;M;41;secretario
35;1200000.0;F;33;secretario
48;1300000.0;F;65;secretario
48;1160000.0;M;38;secretario
48;2800000.0;F;42;secretario
60;6200000.0;M;44;secretario
48;1160000.0;M;75;secretario
48;1160000.0;F;37;secretario
48;1160000.0;F;24;secretario
48;1200000.0;M;26;secretario
40;2200000.0;F;18;secretario
48;1300000.0;M;45;secretario
45;600000.0;F;51;secretario
48;1160000.0;M;45;secretario
48;1160000.0;F;23;secretario
48;1160000.0;F;33;secretario
48;3000000.0;F;7;secretario
48;4500000.0;M;12;secretario
48;3600000.0;F;18;secretario
48;1540000.0;M;17;secretario
40;1160000.0;M;43;secretario
48;1900000.0;M;57;secretario
40;1800000.0;M;73;secretario
48;4200000.0;M;27;secretario
48;1160000.0;M;57;secretario
48;1160000.0;M;7;secretario
48;1800000.0;F;28;secretario
48;1500000.0;F;43;secretario
45;2200000.0;M;56;secretario
48;1160000.0;F;75;secretario
48;1160000.0;F;37;secretario
70;1835072.0;F;39;secretario
48;1640000.0;M;15;secretario
48;1650000.0;F;69;secretario
32;781000.0;M;62;secretario
48;1500000.0;M;40;secretario
48;1700000.0;F;50;secretario
48;1200000.0;M;49;secretario
48;1700000.0;F;32;secretario
48;2000000.0;F;38;secretario
48;1600000.0;F;18;secretario
49;1800000.0;M;60;secretario
48;1640000.0;M;55;secretario
40;2300000.0;M;49;secretario
48;3000000.0;F;59;secretario
48;1160000.0;M;23;secretario
48;1500000.0;F;46;secretario
40;1500000.0;F;52;secretario
40;1300000.0;F;48;secretario
48;2500000.0;F;19;secretario
30;800000.0;F;45;secretario
48;1200000.0;F;41;secretario
40;1160000.0;M;45;secretario
40;900000.0;F;20;secretario
48;6900000.0;M;16;secretario
40;2600000.0;F;58;secretario
40;2700000.0;F;65;secretario
55;1500000.0;M;62;secretario
48;1700000.0;M;38;secretario
40;6000000.0;M;31;secretario
48;1160000.0;F;58;secretario
40;1560000.0;F;41;secretario
48;3500000.0;F;30;secretario
48;1400000.0;F;43;secretario
40;900000.0;M;51;secretario
40;2300000.0;M;81;secretario
48;1250000.0;F;68;secretario
48;1300000.0;M;69;secretario
48;1160000.0;F;76;secretario
48;1200000.0;M;40;secretario
40;1200000.0;M;41;secretario
44;2900000.0;F;64;secretario
48;580000.0;M;96;secretario
48;3200000.0;M;20;secretario
48;1350000.0;M;49;secretario
48;1200000.0;M;19;secretario
48;1160000.0;F;51;secretario
48;1300000.0;F;44;secretario
40;800000.0;F;18;secretario
48;1000000.0;F;36;secretario
40;1300000.0;M;16;secretario
40;1700000.0;M;27;secretario
44;1160000.0;F;74;secretario
48;1160000.0;M;34;secretario
48;1160000.0;F;24;secretario
40;2200000.0;M;31;secretario
48;1700000.0;F;50;secretario
40;2000000.0;M;27;secretario
48;800000.0;M;42;secretario
48;1160000.0;F;78;secretario
48;2000000.0;F;14;secretario
48;900000.0;F;31;secretario
48;1160000.0;F;64;secretario
40;2000000.0;M;42;secretario
48;1600000.0;F;70;secretario
48;1160000.0;M;74;secretario
48;1960000.0;M;66;secretario
48;1200000.0;M;86;secretario
48;1160000.0;M;41;secretario
48;2600000.0;F;44;secretario
48;1300000.0;M;67;secretario
40;2500000.0;F;62;secretario
48;2800000.0;M;57;secretario
40;1250000.0;F;33;secretario
48;700000.0;M;51;secretario
48;1160000.0;F;82;secretario
48;1200000.0;F;62;secretario
48;1700000.0;F;95;secretario
48;1300606.0;F;23;secretario
48;1160000.0;M;7;secretario
40;2400000.0;F;20;secretario
48;1160000.0;F;51;secretario
48;1160000.0;M;78;secretario
40;2000000.0;M;62;secretario
45;3000000.0;M;18;secretario
35;1560000.0;M;8;secretario
48;3000000.0;F;87;secretario
48;1350000.0;M;81;secretario
48;1160000.0;F;28;secretario
48;1600000.0;M;36;secretario
24;638000.0;M;30;secretario
48;2900000.0;M;27;secretario
48;1500000.0;F;12;secretario
48;1300000.0;F;37;secretario
48;800000.0;F;40;secretario
40;2360000.0;M;19;secretario
48;1160000.0;F;9;secretario
48;1160000.0;F;30;secretario
40;1160000.0;F;15;secretario
48;1000000.0;F;32;secretario
48;1160000.0;M;33;secretario
48;3700000.0;F;8;secretario
40;4000000.0;F;20;secretario
48;2000000.0;F;13;secretario
45;1400000.0;M;27;secretario
48;1160000.0;M;81;secretario
40;2500000.0;M;40;secretario
48;1160000.0;F;51;secretario
48;1400000.0;M;66;secretario
50;1800000.0;F;47;secretario
48;1700000.0;F;40;secretario
48;1300000.0;F;27;secretario
48;1160000.0;F;42;secretario
40;1400000.0;F;56;secretario
48;1300000.0;M;53;secretario
48;1160000.0;M;9;secretario
40;2100000.0;F;32;secretario
24;600000.0;M;55;secretario
48;1160000.0;M;43;secretario
48;1600000.0;F;61;secretario
48;1160000.0;F;45;secretario
48;1160000.0;F;35;secretario
48;1160000.0;F;24;secretario
46;1700000.0;F;48;secretario
48;1160000.0;F;42;secretario
48;1160000.0;F;19;secretario
48;2300000.0;M;57;secretario
55;1500000.0;M;44;secretario
48;1160000.0;M;12;secretario
48;1200000.0;F;12;secretario
48;1300000.0;M;40;secretario
40;1200000.0;F;53;secretario
48;1160000.0;M;58;secretario
48;1000000.0;M;13;secretario
40;800000.0;F;51;secretario
40;1160000.0;M;67;secretario
48;1200000.0;M;56;secretario
40;1300000.0;M;44;conserje
48;1200000.0;F;59;conserje
48;1160000.0;M;13;conserje
70;300000.0;M;12;conserje
60;1100000.0;M;38;abad
50;3600000.0;F;80;abad
60;4000000.0;F;11;abad
24;400000.0;M;57;abad
48;1300000.0;M;13;abad
56;1000000.0;F;20;abad
70;1500000.0;F;57;abad
48;3000000.0;M;39;abad
40;1160000.0;M;54;abad
40;700000.0;F;11;abad
46;4000000.0;M;46;abad
28;850000.0;F;72;abad
30;450000.0;F;42;abad
50;1500000.0;F;54;abad
50;1500000.0;F;31;abad
48;3800000.0;F;42;abad
48;2560000.0;M;27;abad
60;2700000.0;M;6;abad
40;800000.0;F;41;abad
60;1000000.0;F;36;abad
48;1300000.0;F;15;abad
48;3000000.0;F;60;abad
48;1500000.0;M;27;abad
100;2900000.0;F;21;abad
5;200000.0;M;67;abad
48;1300000.0;F;68;abad
50;5000000.0;F;75;apuntador
48;1000000.0;M;21;apuntador
20;500000.0;F;30;apuntador
15;800000.0;F;49;apuntador
30;800000.0;F;14;apuntador
40;1300000.0;F;28;apuntador
54;400000.0;F;32;apuntador
48;600000.0;F;21;apuntador
30;700000.0;F;29;apuntador
30;200000.0;F;11;apuntador
20;300000.0;M;10;apuntador
60;3000000.0;F;13;cantero
84;3500000.0;F;36;cantero
48;600000.0;M;62;cantero
48;500000.0;F;62;cantero
48;500000.0;M;69;cantero
48;720000.0;F;29;cantero
48;800000.0;F;54;cantero
24;90000.0;F;6;cantero
60;1500000.0;F;13;cantero
48;100000.0;M;35;cantero
48;3500000.0;F;79;cantero
24;;M;67;cantero
48;1160000.0;M;6;cantero
40;1400000.0;F;71;cantero
55;500000.0;M;24;cantero
42;1500000.0;F;49;cantero
15;200000.0;F;85;cantero
60;700000.0;F;78;cantero
40;800000.0;F;69;cantero
18;240000.0;F;44;cantero
48;600000.0;F;18;cantero
48;1400000.0;M;28;cantero
12;400000.0;F;44;cantero
60;240000.0;M;61;cantero
60;180000.0;F;56;cantero
40;1200000.0;F;69;cantero
48;1160000.0;M;35;cantero
37;600000.0;M;44;cantero
60;1200000.0;M;47;cantero
30;100000.0;F;75;cantero
48;800000.0;M;19;cantero
48;1000000.0;F;11;cantero
60;700000.0;F;43;cantero
60;2500000.0;F;23;cantero
60;2000000.0;M;25;cantero
30;400000.0;M;6;cantero
40;1300000.0;M;51;alcalde
40;1800000.0;F;36;alcalde
14;3185000.0;M;35;alcalde
48;10000000.0;F;6;alcalde
48;9000000.0;F;75;alcalde
40;7000000.0;F;51;alcalde
30;7350000.0;F;19;alcalde
10;900000.0;M;36;alcalde
40;1500000.0;F;21;alcalde
40;10000000.0;F;27;alcalde
60;8000000.0;F;16;alcalde
48;2500000.0;M;61;salvavidas
48;2200000.0;F;38;salvavidas
40;1200000.0;M;50;salvavidas
48;1500000.0;F;27;salvavidas
48;1400000.0;M;79;salvavidas
48;1740000.0;M;70;salvavidas
56;1164000.0;F;17;salvavidas
40;1500000.0;M;33;actor
84;1800000.0;F;25;actor
30;1000000.0;F;39;actor
62;1000000.0;F;7;actor
48;8800000.0;F;36;ambientalista
40;2760000.0;M;60;ambientalista
48;4200000.0;M;10;ambientalista
40;4000000.0;F;61;ambientalista
48;2350000.0;M;55;ambientalista
48;1624000.0;M;51;ambientalista
10;650000.0;F;70;ambientalista
48;10000000.0;F;7;ambientalista
48;4250000.0;M;32;ambientalista
48;4300000.0;M;65;ambientalista
60;6000000.0;M;41;ambientalista
48;4200000.0;F;53;ambientalista
48;7000000.0;M;12;ajedrecista
48;40000000.0;F;31;ajedrecista
48;500000.0;F;50;aparejador
48;1160000.0;F;62;aparejador
48;1160000.0;M;38;aparejador
48;1160000.0;M;55;aparejador
48;1160000.0;M;13;aparejador
20;470000.0;F;73;aparejador
48;900000.0;F;46;aparejador
42;1500000.0;M;8;aparejador
30;300000.0;F;48;aparejador
48;2600000.0;F;74;aparejador
